url,shortId,description,music,likes,comments
https://www.tiktok.com/@tanaradoublechocolate/video/7191931194517359914,@tanaradoublechocolate/7191931194517359914,"#duet with
@food_recipes08 #nutriousanddelicious #comedy #everybodysocreative #food #philly #cooking #chickenrecipe #fyp #viral",original sound - Food-Recipe,1.7M,45.2K
https://www.tiktok.com/@hani.dhara/video/7197291867883588890,@hani.dhara/7197291867883588890,Padahal pas ketemu baik banget mamanya #foryoupage #goldenfill #cokelatgoldenfilcrunch #cokelatkiloan,Backsound Horor 2 - N.I.A,21.6K,108
https://www.tiktok.com/@hani.dhara/video/7197291867883588890,@hani.dhara/7197291867883588890,Padahal pas ketemu baik banget mamanya #foryoupage #goldenfill #cokelatgoldenfilcrunch #cokelatkiloan,Backsound Horor 2 - N.I.A,21.6K,108
https://www.tiktok.com/@zachdiamond_/video/7184535987677154566,@zachdiamond_/7184535987677154566,Wait for it..,3:00 Am - Zach Diamond,3.7M,11.8K
https://www.tiktok.com/@kid.fool/video/7196431570180394286,@kid.fool/7196431570180394286,@pit_princess101 #batteryacid #monsterenergydrink,"Drink It, Smoke It, Snort It, Shoot It - Chunkysdead",82.9K,2526
https://www.tiktok.com/@housedesign77/video/7184034266404130091,@housedesign77/7184034266404130091,#decorations #decorationdesign #decorationideas #designedit #designtok #youngman #youngpeople,Don't Let Me Down - The Chainsmokers,411.6K,2259
https://www.tiktok.com/@_trynafindlatasha/video/7192409151828495622,@_trynafindlatasha/7192409151828495622,(â€˜: all that matters is that we have each other #sobertiktok #sobriety #soberjourney #nativetiktok #indigenous #canada,original sound - Cian Stanley,62.2K,3329
https://www.tiktok.com/@manwith2dogs/video/7204185746771578158,@manwith2dogs/7204185746771578158,,original sound - Johnny,31K,133
https://www.tiktok.com/@blatantreviews/video/7190161493411908907,@blatantreviews/7190161493411908907,The right way to make a brick #fyp #hack #food #foodtiktok,original sound - Blatant Reviews,382K,587
https://www.tiktok.com/@dyhvxjgf/video/7198128084741213486,@dyhvxjgf/7198128084741213486,,Love You So - The King Khan & BBQ Show,105.4K,443
https://www.tiktok.com/@kkubi99/video/7203315884419583234,@kkubi99/7203315884419583234,ì†ì¡ì´ ì²­ê²°ì²´í¬ 6ê°œì›” í›„ğŸ¤”,ì˜¤ë¦¬ì§€ë„ ì‚¬ìš´ë“œ - ìœ ë°±í•©,262.9K,691
https://www.tiktok.com/@goofyychiwahh/video/7192022398525345066,@goofyychiwahh/7192022398525345066,I wish #sbux would let us clap back at customers ğŸ¤£ #fyp #foryou #foryoupage #viral #comedy #starbucks #funny #goofychiwah #sbuxbaristas #fypã‚· #greenscreen,Sleep Walk - Santo and Johnny,197.9K,465
https://www.tiktok.com/@rel4table.chris/video/7197892492929404206,@rel4table.chris/7197892492929404206,fr #fyp #viral,original sound - lailağŸ™Œ,261.2K,4431
https://www.tiktok.com/@thezachchoi/video/7192266343780060459,@thezachchoi/7192266343780060459,#tiktokfood #asmr,original sound - Zach Choi,11.3M,51.8K
https://www.tiktok.com/@supremetreats/video/7180559311435975982,@supremetreats/7180559311435975982,Replying to @lebronjames2055.com Hereâ€™s what you can get for $30 ğŸ­ğŸ¬! #supremetreats #smallbusiness #fyp #viral #HolidayOREOke,TWINNEM - Coi Leray,295K,8687
https://www.tiktok.com/@thesoundchek/video/7186924133647699201,@thesoundchek/7186924133647699201,This man is insanely talentedğŸ¤¯ @jameshype #fyp #jameshype #dj #producer #livemusic #viral #viralvideo #trending #xyzcba #thesoundchek,original sound - THE SOUNDCHEK,86.4K,1089
https://www.tiktok.com/@pilot.sav/video/7176818841417157930,@pilot.sav/7176818841417157930,At least we found the lost battery #pilot #aviation #zerogravity #flying #fyp #foryou #planes #airplane #femalepilot #cessna #oklahoma #fyp #pilotsoftiktok #foryoupageofficiall #aviator,original sound,375.2K,128
https://www.tiktok.com/@unoafrah_us/video/7206887213391416618,@unoafrah_us/7206887213391416618,Art,Collide (more sped up) - Justine Skye,132.2K,940
https://www.tiktok.com/@leal_stephany/video/7182362984776305925,@leal_stephany/7182362984776305925,Te amo abuela// insta:leal__stephany #fyp #abuela,original sound - Stephany Leal,2.5M,6465
https://www.tiktok.com/@johnnyboyy2550/video/7179427768642424107,@johnnyboyy2550/7179427768642424107,I mean she did say to pick oneğŸ˜­ğŸ˜‚ #fyp #foryou #foryoupage #fypã‚· #yxzcba #latino,original sound - Linn Jardim,705.6K,1676
https://www.tiktok.com/@cr1me.story/video/7177790439116885290,@cr1me.story/7177790439116885290,#greenscreen #fyp #lostchild #missing #traumatok #trauma #traumatized #kidmissing #found #strange #sadcase #sadstory #unsettling #viral #sad #TheRealPussinBoots #xyz #xyzbca,original sound - bestspedup,1.7M,14.2K
https://www.tiktok.com/@johnanddaniellesnf/video/7206525140472057094,@johnanddaniellesnf/7206525140472057094,Our take on this trend ğŸ˜Œ #nofrills #grocerytok #brentfaiyaz #wontbebeat #cashier #fyp,PRETTY BOY FLOW - STURDYYOUNGINNğŸ¥·ğŸ½â„¢ï¸,26.2K,181
https://www.tiktok.com/@tanaradoublechocolate/video/7188528551493111082,@tanaradoublechocolate/7188528551493111082,#greenscreenvideo Make your own ORIGINAL casserole ğŸ¤£ VIDEO CREDITS @yummycookingj9 #comedy #fyp #everybodysocreative #viral #food #foodreview #cooking #commentary #philly #casserole,original sound - Tanara,2.5M,59.1K
https://www.tiktok.com/@life.ofkristina/video/7191300588519394606,@life.ofkristina/7191300588519394606,,It's A Wrap - Sped Up - Mariah Carey,76.2K,291
https://www.tiktok.com/@marlin.wit.no.rizz/video/7180395820250975534,@marlin.wit.no.rizz/7180395820250975534,,Lil canada DE CLASSIFIED - ğŸŒ´,650K,3605
https://www.tiktok.com/@ravepixieash/video/7187815372035296558,@ravepixieash/7187815372035296558,Seeing the sunrise after youâ€™ve been raving for 12 hours straightâ€¦. feels unreal ğŸ«¢ #edm #edmtiktok #ravetok #festival #edc #edclasvegas #edclv #raversoftiktok #basspod #ravers,Black panther siren song thingy - JesiahğŸ§¨ğŸ‹,1.6M,2436
https://www.tiktok.com/@officialcadenteneycke/video/7207264382672211205,@officialcadenteneycke/7207264382672211205,Canâ€™t wait to release some videos from my trip this weekend!!! #trend #dwarfism #lifestyle #cleaning #sunday,Skate - Trees and Lucy,1M,5245
https://www.tiktok.com/@beyoutifulcrownz/video/7197925284115483947,@beyoutifulcrownz/7197925284115483947,ğŸ¤­ #fyp #viral #stitch #braidstyles,She Share Story (for Vlog) - å±±å£å¤•ä¾,622.2K,1262
https://www.tiktok.com/@accidentalgrandma/video/7183077192098647339,@accidentalgrandma/7183077192098647339,I shouldve seen it coming ğŸ˜… #fyp #viral #fypã‚· #dog #dogsoftiktok #ohno #cute #funny,Oh No (Instrumental) - Kreepa,58.1K,63
https://www.tiktok.com/@bee_gemini16.06/video/7187995982712392987,@bee_gemini16.06/7187995982712392987,Masak kaya gini aja dah bisa buat makan siang majikan ğŸ˜ pokok e royco andalan,suara asli - Bee_gemini16 - Bee_gemini16.06,6915,67
https://www.tiktok.com/@2mwadd/video/7192980523029990661,@2mwadd/7192980523029990661,#fyp,original sound - Lance Pennant,3.4M,23.2K
https://www.tiktok.com/@zachdiamond_/video/7198634513159818502,@zachdiamond_/7198634513159818502,Just wait til the end..,Champion - Zach Diamond,167.4K,932
https://www.tiktok.com/@groovy.lizzy/video/7195774666441608491,@groovy.lizzy/7195774666441608491,pov: ur family knows ivan so you get to see him at family parties ğŸ˜ @ivancornejooo #ivancornejo #danadotour #fyp #ivancornejooficial #greenscreen #greenscreenvideo,Tatuajes - Deluxe - Ivan Cornejo,40.7K,227
https://www.tiktok.com/@qlaizhaa1/video/7182054122235907374,@qlaizhaa1/7182054122235907374,Some Homemade Wings ğŸ˜‹ğŸ˜®â€ğŸ’¨ #fyp #ReasonForBooking #Wings #dinnerwithme,Just Wanna Rock - Lil Uzi Vert,74.7K,169
https://www.tiktok.com/@lpsn12/video/7193611477063077166,@lpsn12/7193611477063077166,#fyp #foryou #comedy #funny,Love You So - The King Khan & BBQ Show,319.3K,794
https://www.tiktok.com/@love_fruitss/video/7207070775021407530,@love_fruitss/7207070775021407530,OMGğŸ˜±ğŸ‘©â€ğŸŒ¾ğŸ¥­#usa #fruit #asmr,original sound - Niana Guerrero,1562,13
https://www.tiktok.com/@fiolalala_12/video/7179909064615283995,@fiolalala_12/7179909064615283995,kulot jeans love anak perempuan bordir,KUAT ATI BY PANI FVNKY - PanZz || ğ‰ğšğ°ğšğğ«ğ¢ğğ,1774,53
https://www.tiktok.com/@urmomsgirlfriend2/video/7186455182144785706,@urmomsgirlfriend2/7186455182144785706,,Floccer - Heembeezy,936.8K,10.3K
https://www.tiktok.com/@edxtiv/video/7207092655736507654,@edxtiv/7207092655736507654,Them>>> #iceage #diego #shira #diegoandshira #iceage5 #foryou #fyp #obsessed @â™¡ï¸ğ´ğ‘›ğ‘›ğ‘– â™¡ï¸ @httyd_editss @edxtiv.2,Originalton - <3,1.2M,2121
https://www.tiktok.com/@yahtzeeman541/video/7196314326569864491,@yahtzeeman541/7196314326569864491,and we barely half way through the yearğŸ’€ #school #fyp,Days for Yuo - setiya,930K,4632
https://www.tiktok.com/@qw3nty/video/7205254749015395590,@qw3nty/7205254749015395590,Theyâ€™re always â€cheering you upâ€ on a monday as wellğŸ’€ #friend #work #foryou #fyp,åŸè² - epal.gg,514.2K,4391
https://www.tiktok.com/@manwith2dogs/video/7199073142638185774,@manwith2dogs/7199073142638185774,,original sound - Johnny,41.4K,484
https://www.tiktok.com/@emilyforchrist/video/7177880618380823850,@emilyforchrist/7177880618380823850,,Use this audio if you love my edits - â¦,2.8M,4173
https://www.tiktok.com/@taylorlutsiak/video/7197794181937466630,@taylorlutsiak/7197794181937466630,,original sound - Taylor Lutsiak,1.7M,23.9K
https://www.tiktok.com/@theyhate_.niayah/video/7207521484317936942,@theyhate_.niayah/7207521484317936942,#Stopmotion #fypã‚· #fyp,original sound - Jessie á¥«á­¡,233K,7
https://www.tiktok.com/@jydelgad0/video/7197228335846460715,@jydelgad0/7197228335846460715,IS THIS TRUEğŸ˜­ğŸ‡²ğŸ‡½â‰ï¸#fyp #foryoupage #relatable #mexico #mexican #mexicanlife #hispanic #hispanictiktok #latino #latinotiktok #hispanicmemes,original sound - JoseDelgado,571.4K,3176
https://www.tiktok.com/@thatboy.ivann/video/7205363962542853422,@thatboy.ivann/7205363962542853422,Snack plugs in HS ğŸ™ğŸ½ğŸ’°support your boy on cashapp ğŸ¤© $avseller #fypã‚·ã‚šviralğŸ–¤tiktok #foryoupage #fypp #fypã‚· #viral #sanbernardino #fyppppppppppppppppppppppp #fypage #chipseller #snackseller #hustling #arroyovalleyhighschool,Me Acostumbre A Lo Bueno - Fuerza Regida,125.3K,2429
https://www.tiktok.com/@fr8gz/video/7197391659011788037,@fr8gz/7197391659011788037,ğ•ğšğ¥ğğ§ğ­ğ¢ğ§ğ ğ ğ¢ğŸğ­ ğ¢ğğğšê¨„#ğŸğ²ğ© #fypã‚· #viral #ğ¯ğšğ¥ğğ§ğ­ğ¢ğ§ğğ ğ¢ğŸğ­ğ¢ğğğš,Here With Me - d4vd,9292,18
https://www.tiktok.com/@julieta.iturralde/video/7200039794657856810,@julieta.iturralde/7200039794657856810,my #thatgirl journey day 37/365 ğŸ“ğŸ« had to make chocolate covered strawberries!& happy valentineâ€™s ğŸ¥¹ğŸ«¶ğŸ¼ #itgirl #foodtok #healthtok #valentines,How could we ever just be friends - Spotify lyrics,246.8K,664
https://www.tiktok.com/@thxbanksia/video/7207384749831163179,@thxbanksia/7207384749831163179,"uzi never disappoints :,) #rollingloud #liluzivert #lilyachty #fyp #justwannarock #losangeles",Just Wanna Rock - Lil Uzi Vert,140.7K,503
https://www.tiktok.com/@coffeewithjoshy/video/7200169395506203950,@coffeewithjoshy/7200169395506203950,"My favorite seasonal drink to make! So glad that itâ€™s back! just realized that the pour was a bit out of frameâ€¦ sry ğŸ˜¬
______________________________
â€¢",Chopin Nocturne No. 2 Piano Mono - moshimo sound design,51.3K,291
https://www.tiktok.com/@trentonfsabicha/video/7188899943975882027,@trentonfsabicha/7188899943975882027,"#answer to
fr bruh #trentonfs #quotes #fyp",original sound - lailağŸ™Œ,450.8K,26.2K
https://www.tiktok.com/@billie_vids_/video/7197049605110893830,@billie_vids_/7197049605110893830,And this is why i would go to a consert alone..#billieeilishedits #billiefyp #billiestan #billieeilishfan #billieeilish #billie,original sound - -billie-,426.2K,1392
https://www.tiktok.com/@mvngokitty/video/7174640984553262379,@mvngokitty/7174640984553262379,just me and my mcchicken,say it - âœ¿,1.4M,17.2K
https://www.tiktok.com/@official_jaythekid/video/7184897286156127531,@official_jaythekid/7184897286156127531,Things That Used To Look Creepy ğŸ‘¹ #fyp #xyzbca #viral #fypã‚· #foryoupage,RÃ»n RÃ¢bbÃ®t x DÃ¢rk MÃ¢ttÃªr - Tcezy Second,552.8K,2733
https://www.tiktok.com/@luvellouise3/video/7207873248443337989,@luvellouise3/7207873248443337989,i kept saying â€˜damnâ€™ instead of â€˜likeâ€™ğŸ˜¤ğŸ˜¤,BOYS A LIAR PT 2 - zachary ali,36.1K,113
https://www.tiktok.com/@jelena.remember/video/7207746942162488577,@jelena.remember/7207746942162488577,ĞÑ‚Ğ²ĞµÑ‚ Ğ¿Ğ¾Ğ»ÑŒĞ·Ğ¾Ğ²Ğ°Ñ‚ĞµĞ»Ñ @leila #haileybieber #selenagomez,Ğ¾Ñ€Ğ¸Ğ³Ğ¸Ğ½Ğ°Ğ»ÑŒĞ½Ñ‹Ğ¹ Ğ·Ğ²ÑƒĞº - â™¥ï¸,212.4K,1272
https://www.tiktok.com/@natii.006/video/7185746642220371242,@natii.006/7185746642220371242,Ptsd from my mom yelling at me for wasting paper towels #latinohousehold #hispanictiktok #hispanichousehold #puertoricotiktok,original sound - Natalie,434.5K,5297
https://www.tiktok.com/@culanator/video/7184669114659572997,@culanator/7184669114659572997,#fyp #relatable,Wendigoon is a cool dude - audio,439.7K,8766
https://www.tiktok.com/@healingmessagespfy/video/7202105204781763845,@healingmessagespfy/7202105204781763845,Just dont skip Karma is real. #safeplace #fy #fyp #healingmessage #messageforall #dontskip #karmaisreal #karmaisforyou #messageforallofyou #viral #viralvideo #englishtok #usa_tiktok #usafyp,son original - FYP ğŸ¤ğŸ‡²ğŸ‡º,1.3M,111.8K
https://www.tiktok.com/@aceof_spadess/video/7203398110519823659,@aceof_spadess/7203398110519823659,Thatâ€™s why I back out as soon as I go down #fyp #xyzbca #foru #gaming #apex,Crisis - Jasiah,262.4K,1191
https://www.tiktok.com/@lpsn12/video/7205017473995787563,@lpsn12/7205017473995787563,#fyp #foryou #judge #family #court,Love You So - The King Khan & BBQ Show,15.7K,42
https://www.tiktok.com/@_tom.mp4/video/7195302458527206661,@_tom.mp4/7195302458527206661,Coldest kfp villain// #kungfupanda #kungfupandaedit #kungfupanda2 #kfp #kfpedit #tailung #tailungedit #lordshen #kai #masteroogway #foryou #fyp #viral,eredeti hang â€“ ğ“ğğŒ - ğ“ğğŒ,741.5K,3667
https://www.tiktok.com/@charlotteseet/video/7185482716186512641,@charlotteseet/7185482716186512641,rain + golden hour lowk a vibe ğŸ‘ŒğŸ¼ğŸ‘ŒğŸ¼ dc: @Big scar â¤ï¸â€ğŸ”¥ #fyp #tiktoksg,In Ha Mood - Ice Spice,477K,1379
https://www.tiktok.com/@musa..usa/video/7203730099060067630,@musa..usa/7203730099060067630,,original sound - musa_usa,5307,217
https://www.tiktok.com/@capcuttools/video/7190861606836784427,@capcuttools/7190861606836784427,"â¬†ï¸ tap here to use this template â¬†ï¸
Glow ups recommended!!! #FastTwitchContest #cccreator #capcut #tutorial #templatecapcut @capcut #overlay",original sound - CapCut Edits,577K,2074
https://www.tiktok.com/@mariandcandicee/video/7189075527351700778,@mariandcandicee/7189075527351700778,Homemade WaffleHouse Sandwich w/ @drinkolipop ğŸ”¥ğŸ§‡ #olipoppartner,dru hill x ciara - DJ Short,1.6M,15.9K
https://www.tiktok.com/@gennesis.f/video/7196041715478842670,@gennesis.f/7196041715478842670,#fyp #fypã‚· #foryou #viral #school #aphiliprandolph,pretty people under this sound - lmao,1.8M,12.2K
https://www.tiktok.com/@manwith2dogs/video/7204925235077041454,@manwith2dogs/7204925235077041454,I prefer one od you guys take him! But if notâ€¦ âœ¨ BEAR âœ¨ is coming home with me to be tannos senior brudder ğŸ¥°. Will have update this sunday,original sound - Johnny,103.3K,1201
https://www.tiktok.com/@imylalk/video/7206125243394460971,@imylalk/7206125243394460971,â€œU keep hurting me.â€#fypã‚· #audio #toxic,original sound - robynn,781.8K,839
https://www.tiktok.com/@roblox..doors/video/7204217687176695046,@roblox..doors/7204217687176695046,school break is almost over ğŸ˜­ | #fyp #viral #doors #roblox #robloxdoors #horror #horrorgame #PlayingDoors #doorshorrorgame #robloxdoorshorrorgame #doorshorror #doorshorrorgame #doorshorrorgameroblox #emo #slay #wap,original sound - Roblox..Doors ğŸŒ,23.2K,624
https://www.tiktok.com/@light._.night._.love/video/7198118617236524294,@light._.night._.love/7198118617236524294,"His smile when he realized it was Zephyr >>>>
#zephyrhaddock #Toothless #httyd #httyd2 #httyd3 #dragons #httydedit #foryoupage #Hicctooth #dragonsloveâ¤ï¸ #httydhomecoming #Hictooth #Toothie #hiccuphaddock",Originalton - DON'T copy my videos and ocs!!,261.5K,0
https://www.tiktok.com/@itszxash_/video/7182234723626929454,@itszxash_/7182234723626929454,we watched Avatar 2 and it was so good ğŸ‹,original sound - keke,216.6K,1207
https://www.tiktok.com/@chudung0044/video/7204064542412819758,@chudung0044/7204064542412819758,,Sao CÅ©ng ÄÆ°á»£c (Qinn Remix) - ThÃ  YÃªu Láº¥y Má»™t NgÆ°á»i BÃ¬nh ThÆ°á»ng Äá»ƒ ÄÃªm Vá» ThÃ¬ Tháº§m Nhá»› ThÆ°Æ¡ng - Qinn Media & ThÃ nh Äáº¡t & ÄÃ´ng ThiÃªn Äá»©c,14.2K,68
https://www.tiktok.com/@kylemil.cos/video/7176409942037990699,@kylemil.cos/7176409942037990699,Be so fr 9 was traumatizingğŸ’€ #G#GenshinImpact33 F#Fyp f#fypage h#horror,Black panther siren song thingy - JesiahğŸ§¨ğŸ‹,86.2K,2273
https://www.tiktok.com/@quavy23/video/7193377072163851566,@quavy23/7193377072163851566,ğŸ˜­ğŸ˜­ğŸ˜­ @neyron_cruz #fyp #foryoupage,original sound - Quavy,131.5K,264
https://www.tiktok.com/@_reese_leroy_/video/7207882935284813098,@_reese_leroy_/7207882935284813098,Hotties,som original - beyforchella,40.8K,0
https://www.tiktok.com/@bismatik77/video/7199332690590518533,@bismatik77/7199332690590518533,Too bad thanos was inevitable and all that #thanos #bismatik #doctorstrange #infinitywar #mcu #marvel #mcutok,rockhardt - Carbon!,603.7K,3745
https://www.tiktok.com/@lylacandes/video/7201034917315136774,@lylacandes/7201034917315136774,sisâ€™s about to cancel her tour ğŸ˜­ #beyonce #renaissancetour #fyp,AMERICA HAS A PROBLEM - BeyoncÃ©,579.1K,1043
https://www.tiktok.com/@maysfilms_/video/7187731963338345730,@maysfilms_/7187731963338345730,that feeling when you first see her on stage >>> #fyp #billieeilish #htetour,Originalton - darkvidez,1.3M,2548
https://www.tiktok.com/@babygoateriin/video/7207507561405222186,@babygoateriin/7207507561405222186,but the work I didnâ€™t do was for a grade,camridian - theonewhoasked,137K,323
https://www.tiktok.com/@jemartob/video/7205236659925814534,@jemartob/7205236659925814534,Kung Fu Panda ğŸ”¥ #kungfupanda #po #tailong #kai #movie #edit #fypã‚· #fyp #viral #parati #ezioh #oaxacosq #akusq #inarisq #akusq,sonido original - Marto,1.6M,9144
https://www.tiktok.com/@joejoe7711/video/7185636864974392619,@joejoe7711/7185636864974392619,ğŸ™ˆ @Denali Gomez,Excuse me BRUHH - CastroğŸ‡­ğŸ‡¹,180.2K,768
https://www.tiktok.com/@heartsforgarrick/video/7205248134040128774,@heartsforgarrick/7205248134040128774,atleast 50 circles are drawn until they get the right one for the headshape. #drawing #artistsoftiktok #art #fanart #fyp,original sound - TRAILER PARK BOYS,123.3K,471
https://www.tiktok.com/@.e1lvy/video/7177829831105826094,@.e1lvy/7177829831105826094,ğŸ’€. #fyp,Sweetener by Ariana Grande - ğŸ«¡,785.9K,10.8K
https://www.tiktok.com/@capcuttools/video/7186997297639607595,@capcuttools/7186997297639607595,BRO WTHHH HELP!! #CapCut #cccreator #DoritosTriangleTryout #templatecapcut #tutorial #overlay #cctrend,original sound - CapCut Edits,1.7M,5988
https://www.tiktok.com/@trentonfsabicha/video/7187557715978226986,@trentonfsabicha/7187557715978226986,"#answer to
fr bro #trentonfs #quotes #fyp",original sound - NuiEdits,41.8K,5346
https://www.tiktok.com/@8hunnaat_/video/7199852508259405102,@8hunnaat_/7199852508259405102,It always the older teacher fam ğŸ˜­#fypage #trending #viral #goguardian #relatable #xyzbcafypã‚·,original sound - hegg,556.1K,4129
https://www.tiktok.com/@danirazooqi/video/7195224399631502635,@danirazooqi/7195224399631502635,Roll or not?,original sound - Dani Razooqi,33.8K,232
https://www.tiktok.com/@juancris200/video/7197503429210590469,@juancris200/7197503429210590469,#Anime #demonslayer #tanjiro #moments #epic #parati #viral #fyp,sonido original - Juancris,187.3K,676
https://www.tiktok.com/@thattyferreira/video/7191562017931611397,@thattyferreira/7191562017931611397,Hot dog = pessoas felizes #tutorial #food #foodtiktok,som original - Thatty Ferreira,15.3K,161
https://www.tiktok.com/@_doors._/video/7207132152385785094,@_doors._/7207132152385785094,Collab with @â­ï¸_doors_â­ï¸ | #foryoupage #robloxdoors #doorsroblox #doors #doorsfigure #doorshalt #doorsrush #doorsambush #_doors #doorsupdate #doorscrucifix #robloxtrend #hotelupdatedoor #roblox #door50 #window #doorsseek,original sound - RaeğŸ‘ï¸,51.5K,683
https://www.tiktok.com/@4xscottyx/video/7205003688853654827,@4xscottyx/7205003688853654827,Never get a clear vidğŸ˜‚ #CFN #cfn #4xscottyx #fypã‚· #xyzbca #blowthisup #viral #blowthisup #blacktiktok #comdeyskits #houseofhighlights #highschool #cameramen #school #ballislifeğŸ€ #black âš ï¸nobody was harmed âš ï¸,original sound - CFN Scotty,72.4K,383
https://www.tiktok.com/@viaafra/video/7191593575338003717,@viaafra/7191593575338003717,VOLUME UP #viral #fy #fyp #spedupsounds #spedup #spedupsongs #gta5 #ğŸ§,original sound - â™¡â™¡,1.5M,4952
https://www.tiktok.com/@imhungryforthat/video/7200492902575852843,@imhungryforthat/7200492902575852843,"If you're like me and prefer cookie dough over baked cookies, you have to give this a try!!
Here's how to make it...
-2 Tbsp. (25g) Brown Sugar",Evening - Instrumental - Hardmix & The Deep Lover,523.1K,3110
https://www.tiktok.com/@x.codez/video/7197510742378056965,@x.codez/7197510742378056965,2 goats ğŸ¤ğŸ½#onepiece #naruto #anitok #narutouzumaki #xcodez #codez #fyp #animetiktok #viral #trend #camiel #fwkaizoku #narutomanga #narutoedit #onepieceedit #onepiecemanga,original sound - ğœğ¨ğğğ³Himothy,192.8K,10.9K
https://www.tiktok.com/@httyd_fan_page_/video/7204584307480956162,@httyd_fan_page_/7204584307480956162,Oh this hurt to make #httyd3 #howtotrainyourdragon #blowthisup #httydedit #viral #httyd #hiccup #trend #sad #httyd2 #hiccupandtoothless,original sound - Madi (Hiccstridâ€™s version),22.6K,73
https://www.tiktok.com/@feb._.editx/video/7202313381901012266,@feb._.editx/7202313381901012266,Love how all of them kinda compare to animals #fyp #viral #httyd3 #toothless #htty #toothlessthedragon #toothlessthenightfury #toothless #nightfury #httydedit #httyd3 Inspired by:@strike.toothless #httydedit #fyp,original sound - Feb._.Editx,70.4K,139
https://www.tiktok.com/@gtrixbanned/video/7205320206531497258,@gtrixbanned/7205320206531497258,welcome to coachâ€™s intrusive thoughts #fypã‚· #baseball,original sound - J12,83.2K,36
https://www.tiktok.com/@caruser45/video/7184282732506139909,@caruser45/7184282732506139909,#cars #car #goodcars #coolcars #sportcars #sportscars #nissan #nissangtr_r35 #nissangtr #nissangtrr35 #CapCut,original sound - :),189K,273
https://www.tiktok.com/@coonxu/video/7199520136695385349,@coonxu/7199520136695385349,first edit like this still tryna learn fr #spongebob #edit #spongebobedit #cartoonnetwork #cheese #spongebobsquarepants,original sound - âœ,748.5K,2865
https://www.tiktok.com/@thr1llern1ght/video/7201444552094289158,@thr1llern1ght/7201444552094289158,Just beat it ğŸ¶ | thanks so much for 72.9K! | #michaeljackson #thr1llern1ght #vitiligo #mj #kingofpop #xyzbca #fyp #tiktok #jacksons #mjinnocent #foryoupage #viral #rip #trending #goviral #kingofpop,Beat It - Michael Jackson,39.7K,334
https://www.tiktok.com/@darknvght/video/7196037135076494598,@darknvght/7196037135076494598,Straight up! #death #pussinboots2 #deathlobo #lobodeath #pib2 #deathpussinboots #edit #darknvght,original sound - darknight,756.4K,18.5K
https://www.tiktok.com/@ozfidgets/video/7198036765863595307,@ozfidgets/7198036765863595307,I regretted the endğŸ¤¦â€â™€ï¸ #fypã‚· #slimeicecream #SlimeOnRug #ScoopingIceCream #SlimeScoop #midnightcravings #slimecravings #OzTwins #Cravings #IceCreamCraves #SlimeCollapsed #OzFidgets #Blessed #Ozb,original sound - â˜…â˜…â˜…,92.9K,734
https://www.tiktok.com/@hiphopdx/video/7207241602853571846,@hiphopdx/7207241602853571846,Ice Spice performs Boys A Liar for the first time at Rolling Loud ğŸ”¥ #icespice #rollingloud #boysaliar #rollingloudla #liveperformance #pinkpantheress,Boy's a liar Pt. 2 - PinkPantheress & Ice Spice,1.6M,9800
https://www.tiktok.com/@mini.katana/video/7187857199081786670,@mini.katana/7187857199081786670,"Walking into the New Year likeâ€¦

#akamegakill #anime",Akatsuki theme _ ost remix - DJohn Titor,291.8K,2047
https://www.tiktok.com/@ebcustoms/video/7203508403983895850,@ebcustoms/7203508403983895850,Satisfying paint strokes! ğŸ˜© #customshoes #icespice #viral,Boy's a liar Pt. 2 - PinkPantheress & Ice Spice,242.2K,575
https://www.tiktok.com/@bgtaep/video/7187148262707662086,@bgtaep/7187148262707662086,#howtotrainyourdragon #howtotrainyourdragonedit #httyd #hiccuphaddock #hiccuphaddockedit #fy #fyp #foryou #foryoupage,som original - bgtaep,722.7K,5077
https://www.tiktok.com/@modelscut/video/7197610493966650629,@modelscut/7197610493966650629,#CapCut Liberando ModelosğŸƒ| #modelscut,som original - Capcut,864.8K,2267
https://www.tiktok.com/@retmsto/video/7195758444161387782,@retmsto/7195758444161387782,version 2 #marvel #blackpanther #blackpantherwakandaforever #chadwickboseman #letitiawright #wakandaforever #mcu #fyp #fy #viral,original sound - ROBEWENâ˜¯ï¸,413.5K,1145
