video_id,title,thumbnail,description,upload_date,uploader,channel_id,duration,view_count,like_count,average_rating,categories,subtitles,automated_captions
hNlO7BfvpVA,'Collide' Remix Dance Trend,https://i.ytimg.com/vi/hNlO7BfvpVA/sd2.jpg?sqp=-oaymwEoCIAFEOAD8quKqQMcGADwAQH4AbYIgAKAD4oCDAgAEAEYZSBlKGUwDw==&rs=AOn4CLArpQsB6dAU2k1lljtCGHY3jm-0fg,"Follow me on social media! @helenpenggg
‚ô° Instagram: https://instagram.com/helenpenggg/
‚ô° TikTok: https://www.tiktok.com/@helenpenggg",20230104,Helen Peng,UCZuqYEgEqd5gwn7ueUCmhlw,21,1883050,120293,,Entertainment,,https://www.youtube.com/api/timedtext?v=hNlO7BfvpVA&caps=asr&xoaf=5&hl=en&ip=0.0.0.0&ipbits=0&expire=1678261376&sparams=ip%2Cipbits%2Cexpire%2Cv%2Ccaps%2Cxoaf&signature=C231A95F4A07C961D5324654C1B0A3AED790B4C3.35868C31032E95ECF6532DE72A30470DCFECA99C&key=yt8&kind=asr&lang=en&fmt=json3
hNlO7BfvpVA,'Collide' Remix Dance Trend,https://i.ytimg.com/vi/hNlO7BfvpVA/sd2.jpg?sqp=-oaymwEoCIAFEOAD8quKqQMcGADwAQH4AbYIgAKAD4oCDAgAEAEYZSBlKGUwDw==&rs=AOn4CLArpQsB6dAU2k1lljtCGHY3jm-0fg,"Follow me on social media! @helenpenggg
‚ô° Instagram: https://instagram.com/helenpenggg/
‚ô° TikTok: https://www.tiktok.com/@helenpenggg",20230104,Helen Peng,UCZuqYEgEqd5gwn7ueUCmhlw,21,1883050,120293,,Entertainment,,https://www.youtube.com/api/timedtext?v=hNlO7BfvpVA&caps=asr&xoaf=5&hl=en&ip=0.0.0.0&ipbits=0&expire=1678261376&sparams=ip%2Cipbits%2Cexpire%2Cv%2Ccaps%2Cxoaf&signature=C231A95F4A07C961D5324654C1B0A3AED790B4C3.35868C31032E95ECF6532DE72A30470DCFECA99C&key=yt8&kind=asr&lang=en&fmt=json3
dJx5r5f4WzE,Supercute new kicks! The #HelloKitty and Friends #Crocs Collection is here! #Shorts,https://i.ytimg.com/vi/dJx5r5f4WzE/sd2.jpg?sqp=-oaymwEoCIAFEOAD8quKqQMcGADwAQH4AbYIgAKAD4oCDAgAEAEYZSBIKFowDw==&rs=AOn4CLAkm7rQw1FZpb_B5RX-W0PaXD492w,,20230305,Hello Kitty and Friends,UCQBOAYwPdqzr1TxmjT-91Sg,21,18441,2429,,Entertainment,,https://www.youtube.com/api/timedtext?v=dJx5r5f4WzE&caps=asr&xoaf=5&hl=en&ip=0.0.0.0&ipbits=0&expire=1678261378&sparams=ip%2Cipbits%2Cexpire%2Cv%2Ccaps%2Cxoaf&signature=739678AA6548C091602472773D9AE82B3434FE75.94F163C5E9D1FC9B7D0EC38DA13AAC449EB41300&key=yt8&kind=asr&lang=en&fmt=json3
GhTq-vwPSC0,[XTINE] Justine Skye - 'Collide',https://i.ytimg.com/vi/GhTq-vwPSC0/sd2.jpg?sqp=-oaymwEoCIAFEOAD8quKqQMcGADwAQH4Ac4FgAKACooCDAgAEAEYZSBVKFIwDw==&rs=AOn4CLCRgaC73w_fEr6unPc4ddBHird7Jg,"I don't often do tiktok trends but I loved the vibes of this one! these dance trends are a great way to practice and build your hiphop foundations, which are often super useful in dancing kpop choreographies~ let me know if you guys would like me to do more!

‚Ä¢ top from CIDER (code: XTINEDANCE_TT) (only valid for 3 days!)
‚Ä¢ pants from NightCity Clothing (code: xtine10)
‚Ä¢ flannel from Yesstyle (code: xtine10)

‚ú® ùôéùôûùôúùô£ ùô™ùô• ùôõùô§ùôß ùô¢ùôÆ ùôÜùô•ùô§ùô• ùòøùôñùô£ùôòùôö ùôÇùô™ùôûùôôùôö (ùôòùô§ùô¢ùôûùô£ùôú ùô®ùô§ùô§ùô£) ‚ú®
https://mailchi.mp/d84579cb0407/xtinekpopdanceguide

üì∏ ùóúùó°ùó¶ùóßùóîùóöùó•ùóîùó†: https://www.instagram.com/qwisteen/‚Äã
üì± ùóßùóúùóûùóßùó¢ùóû: https://www.tiktok.com/@qwisteeen‚Äã
For business inquiries: xtinedance@gmail.com",20230115,xtine,UCcDmLcUUGs4JQNBQ6jIyjXg,20,1186608,88681,,People & Blogs,,https://www.youtube.com/api/timedtext?v=GhTq-vwPSC0&caps=asr&xoaf=5&hl=en&ip=0.0.0.0&ipbits=0&expire=1678261379&sparams=ip%2Cipbits%2Cexpire%2Cv%2Ccaps%2Cxoaf&signature=03B95114BBDDCF336861547D0E2F277142B792B5.2B63FBA26557EB04FDB01453B78DDBDE40DCAA44&key=yt8&kind=asr&lang=en&fmt=json3
noXT3wZvunE,DIY Calendar üò± #crafteraditi #shorts #youtubepartner #youtubeshorts #papercraft #DIY @CrafterAditi,https://i.ytimg.com/vi/noXT3wZvunE/sd2.jpg?sqp=-oaymwEoCIAFEOAD8quKqQMcGADwAQH4Ac4FgAKACooCDAgAEAEYXCBlKA8wDw==&rs=AOn4CLB0I7e1FYaSgkWdqLYcbZoXiFyFaQ,"Instagram : @crafter_aditi
https://instagram.com/crafter_aditi/

I'm back with fun DIY. This Paper Calendar is so easy to make and I personally enjoyed the process. Do recreate and share your creation with me on my Instagram Page and get featured.

Subscribe for more such vdeos : https://www.youtube.com/channel/UCr8CGgjyJpgdLVy8Duu2IrA
Thank You for watching

#Calendar #CrafterAditi #Satisfying #Paper",20230131,Crafter Aditi,UCr8CGgjyJpgdLVy8Duu2IrA,60,7443737,464143,,Howto & Style,,
SXhMvJE75As,Um processo lento mas extremamente eficaz ‚ù§Ô∏è,https://i.ytimg.com/vi/SXhMvJE75As/sd2.jpg?sqp=-oaymwEoCIAFEOAD8quKqQMcGADwAQH4Ac4FgAKACooCDAgAEAEYTyBZKGUwDw==&rs=AOn4CLD2Q6NRG_jWUVBwaZpsVKYVL9df_w,,20221220,Leticia Almeida,UCtdHtYQgVIeSbUGoPt32XPw,57,2385450,211896,,People & Blogs,,
xwT3FnPjdzM,My favorite kind of love story ü§çüí´ | Gown Eyed Girl,https://i.ytimg.com/vi/xwT3FnPjdzM/sd2.jpg?sqp=-oaymwEoCIAFEOAD8quKqQMcGADwAQH4Ac4FgAKACooCDAgAEAEYYiBiKGIwDw==&rs=AOn4CLDomx9_1dFfAUXjRiZcqF7MvGeKhg,,20221018,gowneyedgirl,UC8vhNQ8bbTKKD7DwcxHx8-g,20,666500,36754,,Howto & Style,,
wwvofPJtagU,Collide (sped up) - Justine Skye dc: dizeakira,https://i.ytimg.com/vi/wwvofPJtagU/sd2.jpg?sqp=-oaymwEoCIAFEOAD8quKqQMcGADwAQH4Ac4FgAKACooCDAgAEAEYZSBiKE4wDw==&rs=AOn4CLDus0mIxOzTZ0Bbu2Zged2kjQL6Sw,"---

Hi! If you're reading this then I just wanted to say THANK YOU for all your support. Dont forget to subscribe :) 

SUBSCRIBE HERE: http://bit.ly/33UkOOT
Hit that bell icon, give me a thumbs up, and comment down below! 

----

LETS BE FRIENDS!
@tianashern on all platforms!
IG: https://www.instagram.com/tianashern/
TikTok: https://www.tiktok.com/@tianashern
Twitter: https://twitter.com/tianashern",20230114,Tiana Shern,UCYUSKE0RbX0BMvErXZpwKCg,15,2804491,168753,,Entertainment,,https://www.youtube.com/api/timedtext?v=wwvofPJtagU&caps=asr&xoaf=5&hl=en&ip=0.0.0.0&ipbits=0&expire=1678261383&sparams=ip%2Cipbits%2Cexpire%2Cv%2Ccaps%2Cxoaf&signature=28A29E22456A2E34495984D763E0980EDB1FF5A2.103A1307356493B68A003710EDC2C3AF94C2A4E8&key=yt8&kind=asr&lang=en&fmt=json3
o7XOcQIcRlM,kpop groups that have many leaders #shorts #kpop,https://i.ytimg.com/vi/o7XOcQIcRlM/sd2.jpg?sqp=-oaymwEoCIAFEOAD8quKqQMcGADwAQH4Ac4FgAKACooCDAgAEAEYMyA7KH8wDw==&rs=AOn4CLC-7E6U2hwRDqqyAP3GleSnuUkbbw,"songs used in this video (in order):

somi - dumb dumb (somi fancam)
nct u - universe (mark lee fancam)
kep1er - (yujin fancam)
seventeen - home run (hoshi fancam)
treasure - (jihoon fancam)
loona - why not (kim lip fancam)



social media accounts?

tiktok: https://www.tiktok.com/@kpopfication?


ìÜ©‚ô°ìÜ™

kpop records viral vocals fancam stage comeback shorts kpop dance choreography facts opinion unpopular tiktok bts army blackpink blink lisa jennie jungkook aespa my teaser music video twice once idol idols collab solo dance challenge compilation ateez 4th generation 3rd generation leader lead dancer vocalist visual center nct scandal iu ive eleven mv debut aotm studiochoom 4k relay cam reality show sub eng mama daesang interview game artist of the month",20211219,kpopfication,UC2507Z5YOsfud33imrtj8ug,29,1157538,90451,,Music,,https://www.youtube.com/api/timedtext?v=o7XOcQIcRlM&caps=asr&xoaf=5&hl=en&ip=0.0.0.0&ipbits=0&expire=1678261385&sparams=ip%2Cipbits%2Cexpire%2Cv%2Ccaps%2Cxoaf&signature=415C71E6160D27D446691EECBA64550A90A60F83.EC3AE7B5AD5290410E814ECD0889BAF99B9C8635&key=yt8&kind=asr&lang=es&tlang=en&fmt=json3
hC0xhOrC49k,‡§∏‡§¨‡§∏‡•á ‡§Ü‡§∏‡§æ‡§® ‡§Æ‡§ø‡§®‡•Ä ‡§ö‡•ã‡§ï‡•ã ‡§ï‡•á‡§ï ‡§∞‡•á‡§∏‡§ø‡§™‡•Ä ‡§Æ‡§ø‡§®‡§ü‡•ã‡§Ç ‡§Æ‡•á‡§Ç|No Oven No Egg Cake Recipe|Appe Cake Recipe|Chocolate Cake,https://i.ytimg.com/vi/hC0xhOrC49k/sd2.jpg?sqp=-oaymwEoCIAFEOAD8quKqQMcGADwAQH4AZQDgALQBYoCDAgAEAEYfyBYKC8wDw==&rs=AOn4CLAjGr_Y25aoBBNYGhad8u6atHKbkA,"#Youtubeshorts #MiniCake #Chocolatecake #Easycakerecipe #priyankaskitchenrecipe

No Oven No Egg Cake Recipe, Mini chocolate cake recipe, Appe Cake Recipe, Quick and Easy Cake Recipe, Cake Recipe

Ingredients:
All Purpose flour-1 cup
Milk-1 cup
Vegetable Oil-1/4 cup
Cocoa powder-3 tbsp(1/4 cup)
Caster Sugar-1/2 cup
Baking powder-1tsp
Baking soda-1/2tsp
salt-1 pinch
Vinegar-1tsp
Vanilla Extract-1tsp
Brush some Oil in Appe Pan

Pan-Cooked for 10 minutes low flame
Preheated Oven-180¬∞C and 8-10 minutes",20210410,Priyanka's kitchen,UCNKEYKaD4dv8Ys-907V4yVw,58,290327,6270,,People & Blogs,,https://www.youtube.com/api/timedtext?v=hC0xhOrC49k&caps=asr&xoaf=5&hl=en&ip=0.0.0.0&ipbits=0&expire=1678261386&sparams=ip%2Cipbits%2Cexpire%2Cv%2Ccaps%2Cxoaf&signature=6B9AB36BE71F59D6D5DFE809633C3A4A6F614768.C8F91414E8AD842B958FDD706C724E1E20158EF7&key=yt8&kind=asr&lang=ko&tlang=en&fmt=json3
Zlv-aGpkCEQ,‚ù§ @HellaGabbert,https://i.ytimg.com/vi/Zlv-aGpkCEQ/sd2.jpg?sqp=-oaymwEoCIAFEOAD8quKqQMcGADwAQH4Ac4FgAKACooCDAgAEAEYciBIKDgwDw==&rs=AOn4CLBEvQmcypAtWP0M3g3mf10HCXSHxw,"Quelle @HellaGabbert @HellaundTom @TomSteinYT 
#hellagabbert #hella #gabbert #power #girl #love #horselover",20230121,Miss CupCake Show,UCIouVjbsSFnXoMUtOaGb2Mg,11,22932,1998,,People & Blogs,,
TsFrUw1PzzE,2023 monthly title ideas #shorts,https://i.ytimg.com/vi/TsFrUw1PzzE/sd2.jpg?sqp=-oaymwEoCIAFEOAD8quKqQMcGADwAQH4AbYIgAKAD4oCDAgAEAEYZSBIKD4wDw==&rs=AOn4CLCtgXWD5EIc_sKewdZj7rYen1DtGw,Shop stationery/office/school supplies here: https://stationerypal.com/,20221226,Stationery Pal,UC_oFAJ3Xha1_mZENuR1Vj9Q,32,1419194,105001,,People & Blogs,,
JtBu_JpxUdY,School Memes Every Student Can Relate To 123 #Memes #Shorts 738,https://i.ytimg.com/vi/JtBu_JpxUdY/sd2.jpg?sqp=-oaymwEoCIAFEOAD8quKqQMcGADwAQH4AbYIgAKAD4oCDAgAEAEYciBLKDMwDw==&rs=AOn4CLCeqZ3tWQhkn0LG0arMYMkiCMBglw,,20230218,A2Z,UCZSvcx5livf9FGEcibVLSHw,60,2005850,198957,,Entertainment,,https://www.youtube.com/api/timedtext?v=JtBu_JpxUdY&caps=asr&xoaf=5&hl=en&ip=0.0.0.0&ipbits=0&expire=1678261390&sparams=ip%2Cipbits%2Cexpire%2Cv%2Ccaps%2Cxoaf&signature=33C65A44CF76462324BB939BAE2485DE9DAC7441.64CF15933A95B0E6E13AE72AEA37BA6E2B253A21&key=yt8&kind=asr&lang=en&fmt=json3
3_ZyFUsj5VA,Styling a tutu #petticoat #tutu #styling #floof #fashion #pink #girly #slay,https://i.ytimg.com/vi/3_ZyFUsj5VA/sd2.jpg?sqp=-oaymwEoCIAFEOAD8quKqQMcGADwAQH4AbYIgAKAD4oCDAgAEAEYfyBAKBowDw==&rs=AOn4CLC6T2YwBl4AaUFBGJg_klyM4x1GSw,,20230201,Angela Mariano,UC_OJauDTr39a7rF1hvqnWIA,59,3306821,,,Howto & Style,,https://www.youtube.com/api/timedtext?v=3_ZyFUsj5VA&caps=asr&xoaf=4&hl=en&ip=0.0.0.0&ipbits=0&expire=1678261391&sparams=ip%2Cipbits%2Cexpire%2Cv%2Ccaps%2Cxoaf&signature=C2584E795CEDF6AD38BAE718C9D7BD8750965E65.0636D8B6C26DEF0753608C89E3831D1F9B2234F7&key=yt8&kind=asr&lang=en&fmt=json3
p2e2WGLJlKs,Unique things to do in Australia üá¶üá∫ #3,https://i.ytimg.com/vi/p2e2WGLJlKs/sd2.jpg?sqp=-oaymwEoCIAFEOAD8quKqQMcGADwAQH4Ac4FgAKACooCDAgAEAEYciBbKEQwDw==&rs=AOn4CLBJEGDRExWY0PzRLkaye_uH-PkaYA,,20230128,Baochi Travel,UCZDCkQWcA3fh8rvrPXUb16g,53,1073309,99707,,Travel & Events,,https://www.youtube.com/api/timedtext?v=p2e2WGLJlKs&caps=asr&xoaf=5&hl=en&ip=0.0.0.0&ipbits=0&expire=1678261392&sparams=ip%2Cipbits%2Cexpire%2Cv%2Ccaps%2Cxoaf&signature=BFE16D4D18012DD395CD4C78AB0B72BFBEF5F7B5.C7F6BABDF827F934BFBCC6778666D15C3C861F82&key=yt8&kind=asr&lang=en&fmt=json3
ODfYrW0R220,thaks for 100k üòÅü•∫#gachalife #youtubeshorts #thaks,https://i.ytimg.com/vi/ODfYrW0R220/sd2.jpg?sqp=-oaymwEoCIAFEOAD8quKqQMcGADwAQH4Ac4FgAKACooCDAgAEAEYQSBPKGUwDw==&rs=AOn4CLDEpgCoUV-WUH3Spjkk6JpSgrfFDQ,,20220921,alisya offline,UCWg65w2QWNg7wMDHwhWVKQQ,58,13379215,1511176,,People & Blogs,,
QELPMYmwPPU,Thanos #cosplay #marvel #personagemvivo #musclesuit #muscle,https://i.ytimg.com/vi/QELPMYmwPPU/sd2.jpg?sqp=-oaymwEoCIAFEOAD8quKqQMcGADwAQH4Ac4FgAKACooCDAgAEAEYZSBPKGQwDw==&rs=AOn4CLB14wQ_MLkpQ2ZvfxMYAElLZrP6Sg,,20230219,Roupa de M√∫sculos,UCJmOR0NLIw-B5PQ1-ncCV-A,60,7308604,,,Entertainment,,
2g7la8Soqn8,Seven years of Italian prepared me for this moment,https://i.ytimg.com/vi/2g7la8Soqn8/sd2.jpg?sqp=-oaymwEoCIAFEOAD8quKqQMcGADwAQH4Ac4FgAKACooCDAgAEAEYZSBaKEUwDw==&rs=AOn4CLCOKe4M1o-tLc-uIn3f53QsglLO_g,"#Shorts #BellaCiao #MoneyHeist #Acoustic #Cover #IndependentArtist #GabiSklar 

Tiktok: @GabiSklar
Instagram: @GabiSklar",20230218,Gabi Sklar,UCnRyYWfPtoFvtQX7vhUNckA,31,693857,44195,,People & Blogs,,https://www.youtube.com/api/timedtext?v=2g7la8Soqn8&caps=asr&xoaf=5&hl=en&ip=0.0.0.0&ipbits=0&expire=1678261394&sparams=ip%2Cipbits%2Cexpire%2Cv%2Ccaps%2Cxoaf&signature=3803C8E83C0C004C4F3756EC5CCBEED1381A1C1C.40229DD6A6482176011BBEABB82C71F394CC51AA&key=yt8&kind=asr&lang=en&fmt=json3
LkxnxygiIgQ,Giga hamburger üóøüçî,https://i.ytimg.com/vi/LkxnxygiIgQ/sd2.jpg?sqp=-oaymwEoCIAFEOAD8quKqQMcGADwAQH4AbYIgAKAD4oCDAgAEAEYciBHKEkwDw==&rs=AOn4CLAmw1UpG7w2Oft6Ia4GJOml7NQq2A,"NEW VIDEO, ALMOST EVERYDAY!!
SUBSCRIBE ME!! https://www.youtube.com/channel/UCbCJmNKAL85O1VFeD6Wj60g?sub_confirmation=1

EAT MORE??
COMMENT and LIKE!!

----------------------------------------------
Bayashi
The No.1 cooking TikTok creator in Japan!!üéñ
42million followers on my TikTok‚ô™
I will post longer videos in YouTube, so subscribe me!!

„Éê„É§„Ç∑
Êó•Êú¨No.1„ÅÆÊñôÁêÜÁ≥ªTikTok„ÇØ„É™„Ç®„Ç§„Çø„Éºüéñ
TikTok„Éï„Ç©„É≠„ÉØ„Éº4200‰∏á‰∫∫Ë∂ä„Åà!!
YouTube„Å´„ÅØÈï∑„ÇÅ„ÅÆÂãïÁîª„ÇÇÊäïÁ®ø„Åó„Å¶„ÅÑ„Åè„ÅÆ„Åß„ÄÅ„ÉÅ„É£„É≥„Éç„É´ÁôªÈå≤„ÅäÈ°ò„ÅÑ„Åó„Åæ„Åô!!

ÂÉï„ÅåÂãïÁîª„ÅÆ„Å™„Åã„ÅßÁùÄÁî®„Åó„Å¶„ÅÑ„ÇãBAYASHI„Ç®„Éó„É≠„É≥„Å®„ÄÅT„Ç∑„É£„ÉÑ„ÇÑ„Éë„Éº„Ç´„Éº„ÅåË≤∑„Åà„Çã„Çà„ÅÜ„Å´„Å™„Çä„Åæ„Åó„Åü„ÄÇË≥ºÂÖ•ÂÖàURL„ÅØ„Åì„Å°„Çâ‚Üì
https://bayashi.tv/

„Éê„É§„Ç∑„ÅÆ„É¨„Ç∑„ÉîÊú¨„ÅåÁô∫Â£≤‰∏≠ÔºÅÔºÅ„ÄéÈ£Ø„ÉÜ„É≠„Å™„ÅÆ„Å´„ÄÅ„ÅäËÖπ„ÅåÂáπ„ÇÄÁ©∂Ê•µ„ÇÅ„Åó „Éê„É§„Ç∑„ÅÆË∂Ö‰ΩéÁ≥ñË≥™„É¨„Ç∑„Éî „ÄèAmazon„ÅãÂÖ®ÂõΩ„ÅÆÊõ∏Â∫ó„Å´„Å¶Ë≥ºÂÖ•„Åß„Åç„Åæ„Åôüìï
Ë≥ºÂÖ•ÂÖàURL„ÅØ„Åì„Å°„Çâ‚Üì
https://www.amazon.co.jp/dp/4046056614
----------------------------------------------

TikToküì±üí• Followers 42,000,000üí•Ôºöhttps://vt.tiktok.com/6N3SVb/
Instagramüì∏ Ôºöhttps://www.instagram.com/bayashi_tv/
Facebook : https://www.facebook.com/bayashi.tiktok
Twitterüåé Ôºöhttps://twitter.com/bayashi_tv_2

----------------------------------------------
‚ñ†The address to send the gifts is as follows
375-9, Shimoyamaguchi, Hayama, Kanagawa, Japan, 240-0116
mobb Inc, Bayashi

‚ñ†„Éó„É¨„Çº„É≥„Éà„ÅØ„Åì„Å°„Çâ„Åæ„Åß
„Äí240-0116 Á•ûÂ•àÂ∑ùÁúå‰∏âÊµ¶ÈÉ°ËëâÂ±±Áî∫‰∏ãÂ±±Âè£375-9
Ê†™Âºè‰ºöÁ§æmobb„ÄÄ„Éê„É§„Ç∑ÂÆõ
----------------------------------------------

#ASMR
#Recipe
#Food",20230216,Bayashi TV,UCbCJmNKAL85O1VFeD6Wj60g,53,42925603,2411698,,Entertainment,,
NTQHir5nPTQ,Funniest catsüê±In The WorldüòÇ Funny and Fails Pets Video #shorts #12 #cats #funny,https://i.ytimg.com/vi/NTQHir5nPTQ/maxresdefault.jpg,"A new funny collection of videos about cats and kittens   Leave your comments. The latest and funniest videos. These funny funny animals will not leave anyone indifferent.

Subscribe to the channel, put likes! üëâhttps://www.youtube.com/channel/UCJLn5jhgxVwg2Lhq9_HXo7Q

To become our regular citizen, please hit the subscribe button and ring the bell to miss nothing from your beloved town. A share with your friend and family will make this community stronger. The more the merrier!

Tags: cats, jokes with cats, jokes about cats, funny kittens, funny cats, funny cats and kittens, videos with cats,  jokes with animals , funny animals, animals for kids, cute animals, fresh jokes with cats, funny moments, best moments, best compilation, large compilation, video compilation, super compilation, fresh compilation, compilation of fun, video fun, new fun, cool jokes, videos, funny videos, the best jokes, jokes 2022, funny, cute, hilarious, lol, animals, animals compilation, pets, cats 2022, funny cats and kittens, animals for children, cool jokes, best moments, cat watch, online cat, cat videos, about cats

#Cats #Cats Video#Funny #Animals 

**DISCLAIMER: 
All videos belong to the creators of the original content on the web. We do not claim ownership of these videos.


‚ùó Please Contact Us Via Email For Any Copyright/Credit Issues and We Will Remove Your Video ‚ùó  (Email address can be found in the About Us tab)",20230121,Funny_Petclub,UCJLn5jhgxVwg2Lhq9_HXo7Q,49,1196838,101306,,Pets & Animals,,https://www.youtube.com/api/timedtext?v=NTQHir5nPTQ&caps=asr&xoaf=5&hl=en&ip=0.0.0.0&ipbits=0&expire=1678261396&sparams=ip%2Cipbits%2Cexpire%2Cv%2Ccaps%2Cxoaf&signature=D1779234099EEF9BA07B0F376F800B44945012A6.8035BA6F149E7682149F167D0F30E56EE8F553EA&key=yt8&kind=asr&lang=en&fmt=json3
mayhQW1qOT4,POV: A queen finally breaks the generational cycle...,https://i.ytimg.com/vi/mayhQW1qOT4/sd2.jpg?sqp=-oaymwEoCIAFEOAD8quKqQMcGADwAQH4Ad4EgAK4CIoCDAgAEAEYPSBFKHIwDw==&rs=AOn4CLBg7Z_GE4IgV9vqKS51MmTfvKi96w,"I absolutely love this trend and wanted to give it a try! Credit to Hollynn Ragland who is the original creator of this trend!

The song is Thumbs by Serena Carpenter 

‚ú∞‚ú∞‚ú∞SUBSCRIBE TO MY CHANNEL :)‚ú∞‚ú∞‚ú∞

OTHER SOCIALS 
‚ú∞TikTok: https://vm.tiktok.com/ZM8YEMy3o/
‚ú∞Instagram: https://www.instagram.com/thejessicakaylee/
‚ú∞Facebook: https://www.facebook.com/thejessicakaylee
‚ú∞https://www.amazon.com/shop/influencer-e4b49912?ref=cm_sw_em_r_aipsfshop_aipsfinfluencer-e4b49912_dp_5maj3HJ8xy8KN

#pov #acting #skits",20230224,Jessica Kaylee,UCZ7HzTBmljSCMBNRoNgHuJA,56,9372740,665173,,Entertainment,,https://www.youtube.com/api/timedtext?v=mayhQW1qOT4&caps=asr&xoaf=5&hl=en&ip=0.0.0.0&ipbits=0&expire=1678261398&sparams=ip%2Cipbits%2Cexpire%2Cv%2Ccaps%2Cxoaf&signature=B54D3EFEDE3065E6C418B64D0D01483C72EC0803.E06F7393F1B4EBB46EDBA3ED8437100173079616&key=yt8&kind=asr&lang=en&fmt=json3
wIe8pCGcw-M,LoL omg movie magic doll unboxing lol omg Tik Tok videos made By:@lol.surpise.fan7,https://i.ytimg.com/vi/wIe8pCGcw-M/sd2.jpg?sqp=-oaymwEoCIAFEOAD8quKqQMcGADwAQH4AYwCgALgA4oCDAgAEAEYciA9KFIwDw==&rs=AOn4CLCq3KKWzD_2JRmzakQLM84L8kbWuA,,20211018,LoL Surprise Fan!!,UCezZXsEB_19D5M7yYOCtSTQ,59,31594,1730,,People & Blogs,,
TtOWUuurqTQ,Potoo | The Ghost Bird,https://i.ytimg.com/vi/TtOWUuurqTQ/sd2.jpg?sqp=-oaymwEoCIAFEOAD8quKqQMcGADwAQH4AbYIgAKAD4oCDAgAEAEYZSBVKFQwDw==&rs=AOn4CLAFum2fDRSg1Wf4ASnjEpPLmPOsWQ,"Potoos are one of the most unique birds in the world. They can see with their eyes closed.

#shorts #potoo #ghostbird #potoos #urutau #uniquebird #uniquebirds #uniqueanimal  #scaryanimals #scarybirds #animal #animals #nature #animalfacts #animalshorts",20230101,Nature Lens,UCLBdKZf1_rsO2euKzGNIOmw,60,4629747,317373,,Pets & Animals,,https://www.youtube.com/api/timedtext?v=TtOWUuurqTQ&caps=asr&xoaf=5&hl=en&ip=0.0.0.0&ipbits=0&expire=1678261401&sparams=ip%2Cipbits%2Cexpire%2Cv%2Ccaps%2Cxoaf&signature=6261F268C526EDF3F4EE8D3EF02E92D3C08EB79D.7BB53652B8C51677B1B265FB3C158FA6287D7F&key=yt8&kind=asr&lang=en&fmt=json3
n6xke2WS-iQ,Collide Speed up | Chanie,https://i.ytimg.com/vi/n6xke2WS-iQ/sd2.jpg?sqp=-oaymwEoCIAFEOAD8quKqQMcGADwAQH4Ac4FgAKACooCDAgAEAEYVSBcKGUwDw==&rs=AOn4CLB6Fkf8BU_Vsnizqm_IDtiVAXq-KA,,20230221,Chanieme,UCwgFBJhSrb-wUTEeNkosqNw,28,277869,,,Music,,https://www.youtube.com/api/timedtext?v=n6xke2WS-iQ&caps=asr&xoaf=5&hl=en&ip=0.0.0.0&ipbits=0&expire=1678261402&sparams=ip%2Cipbits%2Cexpire%2Cv%2Ccaps%2Cxoaf&signature=B4DC5383EA5CE9F5161954761AA7F1B3805C7C6F.3CEF8511673AD4BE39AD051CDCED8F2FD22E7FE7&key=yt8&kind=asr&lang=en&fmt=json3
pFuFLFivPtA,I could not #fyp„Ç∑ Ôøº,https://i.ytimg.com/vi/pFuFLFivPtA/sd2.jpg?sqp=-oaymwEoCIAFEOAD8quKqQMcGADwAQH4Ab4EgAKACIoCDAgAEAEYZSBVKEUwDw==&rs=AOn4CLD_azvS4E54rI8gYspgfAWCjxgejg,,20230302,Jordan Howlett,UC9PY_s84IkOV_MJwEL70sfQ,51,1703409,231841,,People & Blogs,,https://www.youtube.com/api/timedtext?v=pFuFLFivPtA&caps=asr&xoaf=5&hl=en&ip=0.0.0.0&ipbits=0&expire=1678261403&sparams=ip%2Cipbits%2Cexpire%2Cv%2Ccaps%2Cxoaf&signature=BA7A23DCA2829A4A4DBDD38E55B4069014160215.96C2FDF45FAAB5619FCDA7943393E17D2CD91855&key=yt8&kind=asr&lang=en&fmt=json3
WDW8LCYtP40,Another marvel reactions!! Hope you guys are doing great!! Love ya!! #marvel #marvelreaction,https://i.ytimg.com/vi/WDW8LCYtP40/sd2.jpg?sqp=-oaymwEoCIAFEOAD8quKqQMcGADwAQH4Ac4FgAKACooCDAgAEAEYZSBdKFMwDw==&rs=AOn4CLBhbCfhN7qqrxqxOlkluA-DhWkH8Q,,20230223,Annie Dvorak,UC_pa2H5FBKQGejtxv5po1rA,59,403695,49750,,People & Blogs,,https://www.youtube.com/api/timedtext?v=WDW8LCYtP40&caps=asr&xoaf=5&hl=en&ip=0.0.0.0&ipbits=0&expire=1678261404&sparams=ip%2Cipbits%2Cexpire%2Cv%2Ccaps%2Cxoaf&signature=BFBF2A9502AA8B8A4972F2752F35C0B06A2DE965.47FB02DC002225E5B0822CE3ED4E69582388DCE3&key=yt8&kind=asr&lang=en&fmt=json3
LCnEZo1UI-M,ice drawer restock asmr #shorts,https://i.ytimg.com/vi/LCnEZo1UI-M/sd2.jpg?sqp=-oaymwEoCIAFEOAD8quKqQMcGADwAQH4Ac4FgAKACooCDAgAEAEYfyBSKCEwDw==&rs=AOn4CLCzgQ9YQWr1mGLSvFO0c7RcZT3koQ,,20230121,kaeli mae,UCH7CLiz2r0Kwh4bLxgMae7w,60,8707299,592731,,People & Blogs,,https://www.youtube.com/api/timedtext?v=LCnEZo1UI-M&caps=asr&xoaf=5&hl=en&ip=0.0.0.0&ipbits=0&expire=1678261406&sparams=ip%2Cipbits%2Cexpire%2Cv%2Ccaps%2Cxoaf&signature=E6C7ABC3FAF5F62A071850E3013200D91330B6A9.0A5DC975E57BBE708645E2927D8214BE348F3A2A&key=yt8&kind=asr&lang=en&fmt=json3
fsHw9SfeeSI,Don‚Äôt Call Me Up - Mabel - The Fitness Marshall,https://i.ytimg.com/vi/fsHw9SfeeSI/sd2.jpg?sqp=-oaymwEoCIAFEOAD8quKqQMcGADwAQH4Ac4FgAKACooCDAgAEAEYXyBQKGUwDw==&rs=AOn4CLCbsY0kR8CqsxX7UK5LkRfVBlesRw,,20221221,Allison Florea,UCGf-EmhY_VTHNrG6zKoDH0Q,20,995237,47532,,People & Blogs,,
zDYGDnHWbPk,#POV every year you choose someone to die #tiktoks #tiktokviral #storys #trending,https://i.ytimg.com/vi/zDYGDnHWbPk/sd2.jpg?sqp=-oaymwEoCIAFEOAD8quKqQMcGADwAQH4AZQDgALQBYoCDAgAEAEYciBbKC0wDw==&rs=AOn4CLDvEU1Xda1DNjeZOCARqnTCo0fJLQ,,20220703,Rebeca Heslop,UCqFLLOaiRj65FfBASEfgNPw,49,6193507,,,People & Blogs,,
Uuh18qfd2H0,This cube LIGHTS up! üí°,https://i.ytimg.com/vi/Uuh18qfd2H0/sd2.jpg?sqp=-oaymwEoCIAFEOAD8quKqQMcGADwAQH4AbYIgAKAD4oCDAgAEAEYZSBjKFswDw==&rs=AOn4CLAsBP7dThtoeQaCl0sQ36GtYszoiQ,"#cubing #rubikscube #cuber 

This is called the Afterlife cube a cube that lights up when you turn it!",20230208,SoupTimmy,UCpp1GoykvTBuPiZt3FiFHjg,51,9257674,491936,,Entertainment,,https://www.youtube.com/api/timedtext?v=Uuh18qfd2H0&caps=asr&xoaf=5&hl=en&ip=0.0.0.0&ipbits=0&expire=1678169813&sparams=ip%2Cipbits%2Cexpire%2Cv%2Ccaps%2Cxoaf&signature=5B04415F3BBCD3CD876E72ADBC61E47C079AD9BE.B2D0FEBA319CC49758076D04F6CD570BC192FD7E&key=yt8&kind=asr&lang=en&fmt=json3
xhGPB7pZOMM,I made cartoon art cookies for Valentine‚Äôs Day (inspired by @cutepolish!),https://i.ytimg.com/vi/xhGPB7pZOMM/sd2.jpg?sqp=-oaymwEoCIAFEOAD8quKqQMcGADwAQH4Ac4FgAKACooCDAgAEAEYZSBEKEIwDw==&rs=AOn4CLA0Pnk8UseB6eH8QJ7Ddv34_eXB8A,"I love the look of these cartoon art cookies for Valentine's Day! 

To make them, I baked my chocolate cut-out cookie recipe in the shape of hearts and decorated them with flood consistency royal icing (my recipes are available in my book Cookie Canvas and in my Cookie Art Club https://sweetambs.mn.co!). 

I used Chefmaster food coloring to make black icing and two shades of each color. The thin black lines are drawn on with a FooDoodler edible ink marker. 

Let me know what you think of these cookies! 

Here's the video from @cutepolish that inspired these cookies: https://youtu.be/wpWrrZhluF0",20230213,SweetAmbsCookies,UC3I0VtPUgUkhLpggtt7iIpw,58,1001823,91845,,Howto & Style,,https://www.youtube.com/api/timedtext?v=xhGPB7pZOMM&caps=asr&xoaf=5&hl=en&ip=0.0.0.0&ipbits=0&expire=1678261409&sparams=ip%2Cipbits%2Cexpire%2Cv%2Ccaps%2Cxoaf&signature=09DDA022008D65141CD44649FA4815701AAB27AB.52F514F1C3E4CA66DCE0464FFD364AB4402CE30E&key=yt8&kind=asr&lang=en&fmt=json3
coCE-KWcLNg,Michael Jackson‚Äôs ‚ÄúThriller‚Äù IS ICONIC! #michaeljackson #halloween #thriller #musicvideo #mj #shorts,https://i.ytimg.com/vi/coCE-KWcLNg/sd2.jpg?sqp=-oaymwEoCIAFEOAD8quKqQMcGADwAQH4Ac4FgAKACooCDAgAEAEYYyBjKGMwDw==&rs=AOn4CLBjYGmi10fpt7sDGWpf4c3TbnUMkg,,20221019,Charles Brockman III (TheOnlyCB3),UCXtCobcQRbIk-_sPSJUXzmQ,60,4706729,402437,,Comedy,,https://www.youtube.com/api/timedtext?v=coCE-KWcLNg&caps=asr&xoaf=5&hl=en&ip=0.0.0.0&ipbits=0&expire=1678261410&sparams=ip%2Cipbits%2Cexpire%2Cv%2Ccaps%2Cxoaf&signature=E8F5C5F823269BACA766FD6B7AB9A1D5D9C4F94E.4A8502C7D851E27630CF7C69F3BA836DD8B84201&key=yt8&kind=asr&lang=en&fmt=json3
Ut20Kfj9NHo,Growing Dragon fruit seeds #shorts #timelapse #amazingtube,https://i.ytimg.com/vi/Ut20Kfj9NHo/sd2.jpg?sqp=-oaymwEoCIAFEOAD8quKqQMcGADwAQH4AbYIgAKAD4oCDAgAEAEYXyBfKF8wDw==&rs=AOn4CLDqD4uUixo1OM05m2oIj66195wUGw,"Growing Dragon fruit seeds #shorts #timelapse #amazingtube #thanhlong 
Contact : 
Email: animationdango@gmail.com
Facebook: https://www.facebook.com/ngohuynhdang1
Instagram: https://www.instagram.com/amazingnaturevideos/",20230210,Amazing Tube,UCU9FjEKGwl40uHfSgjgnYaQ,59,9155837,431770,,People & Blogs,,
Cng-kfxCOKQ,Disney Garden Goodness Munchlings 2!,https://i.ytimg.com/vi/Cng-kfxCOKQ/sd2.jpg?sqp=-oaymwEoCIAFEOAD8quKqQMcGADwAQH4Ac4FgAKACooCDAgAEAEYSSBlKGUwDw==&rs=AOn4CLCoUSwk1yUAsq_SphrJCI-0AFd9Dw,"Follow me on TikTok: https://vm.tiktok.com/ZMeJbVRC3/

Follow me on Instagram: https://www.instagram.com/vthomasenglish/?hl=en

Follow me on Facebook: https://www.facebook.com/mrthomasenglish/",20230222,mrthomasenglish,UCv3cvTwgQy8nPj01yvn2yuw,57,157103,20502,,People & Blogs,,https://www.youtube.com/api/timedtext?v=Cng-kfxCOKQ&caps=asr&xoaf=5&hl=en&ip=0.0.0.0&ipbits=0&expire=1678261413&sparams=ip%2Cipbits%2Cexpire%2Cv%2Ccaps%2Cxoaf&signature=E544F43C54440F6A30A088FF3B52231189A6B950.1EC52D1A059753B2BD8B6F4AF6FAB4EB5549E7CB&key=yt8&kind=asr&lang=en&fmt=json3
H-PEagzpKWM,MSA Lip Sync Game,https://i.ytimg.com/vi/H-PEagzpKWM/sd2.jpg?sqp=-oaymwEoCIAFEOAD8quKqQMcGADwAQH4AbYIgAKAD4oCDAgAEAEYZSBZKEYwDw==&rs=AOn4CLDoajTgRorLZlMghaedUvGm5fAYJg,"Thanks for @yj.nas for giving permission to use her video
Subscribe now to join our MSA family! 
Follow us on Instagram @my.story.animated for exclusive content, teasers for upcoming videos, and special giveaways. 
https://bit.ly/3jHDZ9A
Make sure you also follow and like our Facebook page. 
 Want to meet MSA‚Äôs community? Join our Facebook group to get in touch with other people who are as passionate about us as you are and share with us how our stories changed your life. https://bit.ly/2VwcaqE
If you want to see exclusive memes and funny content that is short and WILL make your day brighter make sure to follow our Tiktok account https://bit.ly/3yoJ6jb",20221203,MSA previously My Story Animated,UCYzEMRKqrh01-tauv7MYyVQ,51,14914109,461205,,Film & Animation,,https://www.youtube.com/api/timedtext?v=H-PEagzpKWM&caps=asr&xoaf=5&hl=en&ip=0.0.0.0&ipbits=0&expire=1678261414&sparams=ip%2Cipbits%2Cexpire%2Cv%2Ccaps%2Cxoaf&signature=A2B9EF3DB92EA68B96FBEF98820E2572865BA0D6.24E62B9D3928678A2BF4322F80DFFC613AECCD53&key=yt8&kind=asr&lang=en&fmt=json3
-Oiua4xGK5U,My character designs on Monster High,https://i.ytimg.com/vi/-Oiua4xGK5U/sd2.jpg?sqp=-oaymwEoCIAFEOAD8quKqQMcGADwAQH4AZoEgALAB4oCDAgAEAEYfyATKDQwDw==&rs=AOn4CLAYNRHXEi6EoA3PoDJ_uGW0mx9deA,#shorts #monsterhigh,20230225,Jackie Droujko,UCArWfFqEhLkSAT5uYZJixvA,60,1383604,194133,,Film & Animation,,https://www.youtube.com/api/timedtext?v=-Oiua4xGK5U&caps=asr&xoaf=5&hl=en&ip=0.0.0.0&ipbits=0&expire=1678261415&sparams=ip%2Cipbits%2Cexpire%2Cv%2Ccaps%2Cxoaf&signature=24E7294059FE7BB8F15A64125C413CF56D09EF0B.70A3DF8B76D36A02105643349E02DD118E5BACB6&key=yt8&kind=asr&lang=en&fmt=json3
EPcE5LdfabM,Turning Red Deleted Scene,https://i.ytimg.com/vi/EPcE5LdfabM/sd2.jpg?sqp=-oaymwEoCIAFEOAD8quKqQMcGADwAQH4Ac4FgALQBYoCDAgAEAEYQiBFKH8wDw==&rs=AOn4CLBKD6Ia8JsUfdHmVqVNQbaVTpj1sQ,#turningred #deletedscene #pixar,20220421,Calamity Trio,UCKpzj6wkozR2cfyS-aUEZlg,57,22992135,2345688,,Film & Animation,,https://www.youtube.com/api/timedtext?v=EPcE5LdfabM&caps=asr&xoaf=5&hl=en&ip=0.0.0.0&ipbits=0&expire=1678261417&sparams=ip%2Cipbits%2Cexpire%2Cv%2Ccaps%2Cxoaf&signature=59F0919A61996659B99FEC5305C79C7113B4D544.0BDE0D94213FA2AF0822252BC579D6EC3C5B1C81&key=yt8&kind=asr&lang=en&fmt=json3
ms8adnUwU_8,[10 outfits] Are you a real BLINK? How many #BLACKPINK songs do you know? #kpop #kpopdancecover,https://i.ytimg.com/vi/ms8adnUwU_8/sd2.jpg?sqp=-oaymwEoCIAFEOAD8quKqQMcGADwAQH4Ac4FgAKACooCDAgAEAEYYSBlKFYwDw==&rs=AOn4CLAOabbDzNSUFSkfd9Iax2K-Mb2CwQ,"blackpink blink test songs kpop dance cover jisoo jennie lisa rose

instagram & tiktok @dancingintheshed",20230205,dancingintheshed,UCl3gzUuhvbvt4v_TC_1KegQ,58,3645780,239423,,Music,,https://www.youtube.com/api/timedtext?v=ms8adnUwU_8&caps=asr&xoaf=5&hl=en&ip=0.0.0.0&ipbits=0&expire=1678261418&sparams=ip%2Cipbits%2Cexpire%2Cv%2Ccaps%2Cxoaf&signature=40B13D699DAD43DBC9F26719B5EA70B397745254.E8F2D70AAEAC6E6E6DFCCB1C73C8F6714E976F33&key=yt8&kind=asr&lang=en&fmt=json3
X7ZmAKh2m1Y,From INCEL To GIGACHAD @beautyisontheinside,https://i.ytimg.com/vi/X7ZmAKh2m1Y/sd2.jpg?sqp=-oaymwEoCIAFEOAD8quKqQMcGADwAQH4AcoCgALQBYoCDAgAEAEYciBOKD8wDw==&rs=AOn4CLBmcAo9A8KrGk-a7xfpM9qdAn7Oaw,My New Channel https://www.youtube.com/channel/UC1z0nr6-NRV6P1KB0pepUAQ SUBSCRIBE NOW,20220501,tails clips,UCSf7r-4118P1Ahq9o6IXIWQ,60,49156476,3425492,,People & Blogs,,
T4E7BvPw9Ac,Growing Chia Seeds - #timelapse #chiapet,https://i.ytimg.com/vi/T4E7BvPw9Ac/sd2.jpg?sqp=-oaymwEoCIAFEOAD8quKqQMcGADwAQH4AbYIgAKAD4oCDAgAEAEYUiBlKCUwDw==&rs=AOn4CLABWcmvrbC3d3DSqEurTLriHh0nDg,"Full video how I do it : https://youtu.be/YnlU08ZkZ0c
Contact : 
Email: animationdango@gmail.com
Facebook: https://www.facebook.com/ngohuynhdang1
Instagram: https://www.instagram.com/amazingnaturevideos/
Music: 
Perilune - AER√òHEAD https://soundcloud.com/aerohead 
Creative Commons ‚Äî Attribution-ShareAlike 3.0 Unported ‚Äî CC BY-SA 3.0 
Free Download / Stream: https://bit.ly/aerohead-perilune 
Music promoted by Audio Library https://youtu.be/OHduxKdE4zs",20230116,Amazing Tube,UCU9FjEKGwl40uHfSgjgnYaQ,46,51111305,2243664,,People & Blogs,,
1FdWIPzhcps,Helping A Gecko ü¶é Shed Its Eye Caps ‚ù§Ô∏è #shorts #gecko,https://i.ytimg.com/vi/1FdWIPzhcps/sd2.jpg?sqp=-oaymwEoCIAFEOAD8quKqQMcGADwAQH4AbYIgAKAD4oCDAgAEAEYZSBOKEIwDw==&rs=AOn4CLC7HeW4JiZQpytBkzWqPrqUuclJ1Q,Watch As A Compassionate Person Gently Helps A Gecko Shed Its Eye Caps,20230126,The Kindness Diaries,UCXu0h8kybDF6kMO2sXxDa3Q,40,4193749,164571,,People & Blogs,,
CyOsKUEv38c,POV: your boyfriend leaves you after 6 years of relationship üíî #skincare #skincareASMR #ASMR,https://i.ytimg.com/vi/CyOsKUEv38c/sd2.jpg?sqp=-oaymwEoCIAFEOAD8quKqQMcGADwAQH4Ab4EgAKACIoCDAgAEAEYZSBXKFQwDw==&rs=AOn4CLCSLD_SLhOhlQjLc74X4RAPL_cdug,"My 2nd channel: https://www.youtube.com/channel/UC1ZQH-MRLOtenmqIxvchmAg
Please follow and support!",20230301,Fanny S,UCRUjpVK1ccRPLNfCIlWwxQA,60,3335271,173312,,People & Blogs,,https://www.youtube.com/api/timedtext?v=CyOsKUEv38c&caps=asr&xoaf=5&hl=en&ip=0.0.0.0&ipbits=0&expire=1678261422&sparams=ip%2Cipbits%2Cexpire%2Cv%2Ccaps%2Cxoaf&signature=2031DC240FA0A4A1B98E5A0F9A8FA23F9E2020AA.8248B9CAA7E6D9503C9D863974F7353157AD89F5&key=yt8&kind=asr&lang=en&fmt=json3
wLIJ11H4eIk,World's Shortest Woman #345,https://i.ytimg.com/vi/wLIJ11H4eIk/sd2.jpg?sqp=-oaymwEoCIAFEOAD8quKqQMcGADwAQH4Ac4FgAKACooCDAgAEAEYfyAwKDwwDw==&rs=AOn4CLAwYcMRjG59pfMeDabt0-gGEWi5Rw,"Hosted by @eisayo 

Thank you for watching Nas Daily!

Our mission is to bring people together,  and that's why we create content that does exactly that - 

We have a new show called Nas Debates that you can watch here: youtube.com/c/NasDebates

And if you love reading more than watching videos, HERE is a link to our blog: blog.nasdaily.com/

#shorts #worldrecord #people #amazing",20221021,Nas Daily,UCJsUvAqDzczYv2UpFmu4PcA,60,83414523,3664503,,Travel & Events,,https://www.youtube.com/api/timedtext?v=wLIJ11H4eIk&caps=asr&xoaf=5&hl=en&ip=0.0.0.0&ipbits=0&expire=1678261424&sparams=ip%2Cipbits%2Cexpire%2Cv%2Ccaps%2Cxoaf&signature=A9EE82628ADF2BCD8E14F2B5FC60C59096A8A708.24A5FBD6FFA691CE3685FF3684AD1F3CC8E182E3&key=yt8&kind=asr&lang=en&fmt=json3
lLUy08h5X2w,Slime Storytime Roblox Text to speech / You can‚Äôt say the word / Fans as Characters üåü,https://i.ytimg.com/vi/lLUy08h5X2w/sd2.jpg?sqp=-oaymwEoCIAFEOAD8quKqQMcGADwAQH4AbYIgAKAD4oCDAgAEAEYZSBQKFIwDw==&rs=AOn4CLA2VwKfGZ-LSN3j2SF6bqihinTr_w,,20221230,NoobieBloxYT,UCKmS0CtUKvu1PrQDbecg4BA,60,3601385,174966,,People & Blogs,,https://www.youtube.com/api/timedtext?v=lLUy08h5X2w&caps=asr&xoaf=1&xoadf=4&hl=en&ip=0.0.0.0&ipbits=0&expire=1678261425&sparams=ip%2Cipbits%2Cexpire%2Cv%2Ccaps%2Cxoaf%2Cxoadf&signature=99DC4F31447F8F515B5AE821A687C5A17859C6A4.1D372C933F2FD9A183DFA2209E96478F7D2F3573&key=yt8&kind=asr&lang=en&fmt=json3
yS4-DatwWkI,SPECIAL AFRO CULTURE üåç By Oupa ‚ú® you like ? #funny #viral #graffiti #trending,https://i.ytimg.com/vi/yS4-DatwWkI/sd2.jpg?sqp=-oaymwEoCIAFEOAD8quKqQMcGADwAQH4Ac4FgAKACooCDAgAEAEYZSBWKEwwDw==&rs=AOn4CLDgXRENqnqnbLYt0T3nAfRhHfKxAg,,20230216,Oupa Art,UCXInsqD2nzI8Xx6nzP7uWbQ,60,120839801,2484697,,People & Blogs,,
8X5ofkrsaA0,"Time flies, huh? ü•∫ #Shorts",https://i.ytimg.com/vi/8X5ofkrsaA0/sd2.jpg?sqp=-oaymwEoCIAFEOAD8quKqQMcGADwAQH4Ac4FgAKACooCDAgAEAEYLiBNKH8wDw==&rs=AOn4CLBvzfBg5mHbfNCpbjiTsZOOMyb3-w,#Victorious #Nickelodeon #ParamountPlus,20220822,Paramount Plus,UCrRttZIypNTA1Mrfwo745Sg,35,1216277,93696,,Entertainment,,https://www.youtube.com/api/timedtext?v=8X5ofkrsaA0&caps=asr&xoaf=5&hl=en&ip=0.0.0.0&ipbits=0&expire=1678261427&sparams=ip%2Cipbits%2Cexpire%2Cv%2Ccaps%2Cxoaf&signature=78670F052490422C0CBFC29E566D4B6CBD349967.7C264062892482B4D59F81651409E1DF31262B9F&key=yt8&kind=asr&lang=en&fmt=json3
on4YqV6L2DA,T√° a√≠ o motivo do meu abalo emocional #shorts,https://i.ytimg.com/vi/on4YqV6L2DA/sd2.jpg?sqp=-oaymwEoCIAFEOAD8quKqQMcGADwAQH4Ac4FgAKACooCDAgAEAEYZSBcKFowDw==&rs=AOn4CLAziCnF4dQyThELG7GU3faIM-5g3Q,,20230211,Brittocwb,UC2581UnsTt9FwrT2tvABTPQ,41,64339379,1217319,,People & Blogs,,
RorcuTiN6MQ,Unique things to do in Australia üá¶üá∫ #4,https://i.ytimg.com/vi/RorcuTiN6MQ/sd2.jpg?sqp=-oaymwEoCIAFEOAD8quKqQMcGADwAQH4Ac4FgAKACooCDAgAEAEYciA5KEMwDw==&rs=AOn4CLBz5XS08dLt6EP6Tjot75jI_qRfeQ,,20230204,Baochi Travel,UCZDCkQWcA3fh8rvrPXUb16g,58,846499,60989,,Travel & Events,,https://www.youtube.com/api/timedtext?v=RorcuTiN6MQ&caps=asr&xoaf=5&hl=en&ip=0.0.0.0&ipbits=0&expire=1678261429&sparams=ip%2Cipbits%2Cexpire%2Cv%2Ccaps%2Cxoaf&signature=0BC7DB4FF30DC7DE9C4259BDE53317EF452F295F.A5D28BF34CC7697611F80F4509982283BE2B2DED&key=yt8&kind=asr&lang=en&fmt=json3
qMYFh-FpfJs,A+E,https://i.ytimg.com/vi/qMYFh-FpfJs/maxresdefault.jpg,,20230306,yourfav_alexandra,UC5bMafcGF1GEKiz-U2Dqi4A,11,1321,32,,People & Blogs,,
E-KgkH-8_Ts,Ignoring every1 he went to her firstü•∫‚ô•Ô∏è #shorts #kdrama #fightformyway #parkseojoon #kimjiwon #hitv,https://i.ytimg.com/vi/E-KgkH-8_Ts/sd2.jpg?sqp=-oaymwEoCIAFEOAD8quKqQMcGADwAQH4AbYIgAKAD4oCDAgAEAEYKCBNKH8wDw==&rs=AOn4CLD3zoMFiywvx-IpOCEPRCCmfRwwyQ,"Drama: Fight for my way

Available for free in HD with english subtitles on Hitv
https://www.gohitv.com/

#kdrama #kdramashorts #shorts #parkseojoon #fightformyway #kimjiwon #koreandrama #lovestatus #parkseojun  #dramashorts #firstlove #crush #cute #couplegoals #cutecouple #short #trendingkdrama #kdramaedit",20221212,Drama in nutshell,UChCquVEzpnK_UgX7srn-OjQ,31,7580822,593216,,Entertainment,,
EmZnPCZU6nA,Apparently we're having baby #4,https://i.ytimg.com/vi/EmZnPCZU6nA/sd2.jpg?sqp=-oaymwEoCIAFEOAD8quKqQMcGADwAQH4Ac4FgAKACooCDAgAEAEYZSBRKEUwDw==&rs=AOn4CLAw5V6nZxSQioEl6EvEj7tp_VBDgw,,20230112,Sunkissed Mama,UCYVj9XAwBl6pMR8TQKZ2oag,44,9915741,490527,,People & Blogs,,https://www.youtube.com/api/timedtext?v=EmZnPCZU6nA&caps=asr&xoaf=5&hl=en&ip=0.0.0.0&ipbits=0&expire=1678261433&sparams=ip%2Cipbits%2Cexpire%2Cv%2Ccaps%2Cxoaf&signature=2369B4476DD95E986105F23B7B6CFD11DDC3A8A7.2E9464DDC0FC224294373417314FF4DBF80D96A9&key=yt8&kind=asr&lang=en&fmt=json3
F-7LhcsHlKk,Barbie Mixin'Magic Kitchen Brownies üç´,https://i.ytimg.com/vi/F-7LhcsHlKk/sd2.jpg?sqp=-oaymwEoCIAFEOAD8quKqQMcGADwAQH4AbYIgAKAD4oCDAgAEAEYZSBFKFgwDw==&rs=AOn4CLAcuoy4n0n2RKthZhcLIH4OzQPACw,,20230201,ASMR Playroom,UCOkyurfTeN9InHbSkI-40IA,59,1111201,58405,,People & Blogs,,
KSaNPSOUyz8,painting üçâ watercolors #art #drawing #painting #colormixing #satisfying,https://i.ytimg.com/vi/KSaNPSOUyz8/sd2.jpg?sqp=-oaymwEoCIAFEOAD8quKqQMcGADwAQH4Ac4FgAKACooCDAgAEAEYfyATKBMwDw==&rs=AOn4CLB3PzYHXk3k5o7W1jmDTuj-v141yQ,,20230307,Libro de Arte de Ellen,UC0_cZBh1OjNASLK9Cyx7mLw,15,2107,76,,Howto & Style,,
x_vJDcJkGjo,I need your help to save the pups! #shorts #giveback #dogs,https://i.ytimg.com/vi/x_vJDcJkGjo/sd2.jpg?sqp=-oaymwEoCIAFEOAD8quKqQMcGADwAQH4Ac4FgAKACooCDAgAEAEYZSBlKGUwDw==&rs=AOn4CLCw6B2mZ_FSuK_rIYokygJegpEU9A,Donate Here: https://gofund.me/6a186418,20221226,Coby Persin,UCYHjGa8K275f3vHodd2D9og,60,2227060,143145,,People & Blogs,,https://www.youtube.com/api/timedtext?v=x_vJDcJkGjo&caps=asr&xoaf=5&hl=en&ip=0.0.0.0&ipbits=0&expire=1678261436&sparams=ip%2Cipbits%2Cexpire%2Cv%2Ccaps%2Cxoaf&signature=CBC98DAB95DC413105AD4AD1548BB094203D03C9.EF7FBC131FD13035027ADFBD4272C86B43784643&key=yt8&kind=asr&lang=en&fmt=json3
W_cl5kRbx1E,Which Disney Princess Is My Bestie? #shorts,https://i.ytimg.com/vi/W_cl5kRbx1E/sd2.jpg?sqp=-oaymwEoCIAFEOAD8quKqQMcGADwAQH4Ac4FgAKACooCDAgAEAEYZSBlKGUwDw==&rs=AOn4CLDlh6YktErQDGSVEj2MkeJXPEBsng,Which Disney Princess Is My Bestie? #shorts,20230128,Peachy Queen,UC_dvd8Bg91tblB2fE-8_x3g,60,1777144,62377,,Howto & Style,,https://www.youtube.com/api/timedtext?v=W_cl5kRbx1E&caps=asr&xoaf=5&hl=en&ip=0.0.0.0&ipbits=0&expire=1678261437&sparams=ip%2Cipbits%2Cexpire%2Cv%2Ccaps%2Cxoaf&signature=BC34C96E34B36554BDDA4D1DC785AFA4B04B9FA8.92769F54D42DF6F6A2AC7A27B7F19BA0ED425CD5&key=yt8&kind=asr&lang=en&fmt=json3
E1UmvcuJJHs,So my husband wants tteokbokki every weeeeeeek ü§§,https://i.ytimg.com/vi/E1UmvcuJJHs/sd2.jpg?sqp=-oaymwEoCIAFEOAD8quKqQMcGADwAQH4Ac4FgAKACooCDAgAEAEYZSBdKFcwDw==&rs=AOn4CLAFr6HXgB7qQewG9-3npgNhsHQwNg,detailed recipe here: https://msshiandmrhe.com/cheese-tteokbokki/,20230223,Ms Shi and Mr He,UCDDrB-yGonf4uL2NDf6njTA,47,3828665,341578,,Howto & Style,,https://www.youtube.com/api/timedtext?v=E1UmvcuJJHs&caps=asr&xoaf=5&hl=en&ip=0.0.0.0&ipbits=0&expire=1678261439&sparams=ip%2Cipbits%2Cexpire%2Cv%2Ccaps%2Cxoaf&signature=76B6181F8C53394B0247F90C5D47C8B17FADBBD8.5DDF8A433EA866D51F63C290E9A8CE5E305E7B03&key=yt8&kind=asr&lang=en&fmt=json3
NlDwLEXW0NE,reley rece üî•#jimin #v #jhope #jungkook #bts,https://i.ytimg.com/vi/NlDwLEXW0NE/sd2.jpg?sqp=-oaymwEoCIAFEOAD8quKqQMcGADwAQH4Ac4FgAKACooCDAgAEAEYSyBlKC0wDw==&rs=AOn4CLBaai7Y_aYgsnEM9xKAwPY8CRBcHw,,20220808,Taekook,UCPr0qag-ucBsKrKW-25uckg,56,10149745,1291799,,Gaming,,https://www.youtube.com/api/timedtext?v=NlDwLEXW0NE&caps=asr&xoaf=5&hl=en&ip=0.0.0.0&ipbits=0&expire=1678261440&sparams=ip%2Cipbits%2Cexpire%2Cv%2Ccaps%2Cxoaf&signature=6ACDE9D0EEC8F698C6854AE005B09697B1F6AE66.77606F810C1ECBAE3508357668BA43AEB72C133C&key=yt8&kind=asr&lang=en&fmt=json3
Yo7CzqRq7eI,"Kizz Daniel, EMPIRE - Cough {Girls Dance}",https://i.ytimg.com/vi/Yo7CzqRq7eI/sd2.jpg?sqp=-oaymwEoCIAFEOAD8quKqQMcGADwAQH4Ac4FgAKACooCDAgAEAEYDyBlKEswDw==&rs=AOn4CLA4iWZhr-MzfniVo11EpAy9EZX8Yw,DC by Leilah,20221208,jane leila,UCjP5BlgwqYFsQZX7ievZRQQ,58,3774031,129260,,People & Blogs,,
F8xAsMZv03Q,The best cheat code in GTA ever üòçüî•,https://i.ytimg.com/vi/F8xAsMZv03Q/sd2.jpg?sqp=-oaymwEoCIAFEOAD8quKqQMcGADwAQH4Ac4FgAKACooCDAgAEAEYMSBXKH8wDw==&rs=AOn4CLDxLB_2B9kxfLkKLTJMLyGiTsTjSg,"Follow me on Instagram : üëáüèø

https://www.instagram.com/xzit_thamer/?hl=en


Follow me on TikTok: üëáüèø

https://vm.tiktok.com/ZSe8oF11t/",20210823,Xzit Thamer,UCUwf9tuytTCVP6SzMaGwDVA,33,53504089,2799044,,Gaming,,
kQ1X2H1_otM,"January 31, 2023",https://i.ytimg.com/vi/kQ1X2H1_otM/sd2.jpg?sqp=-oaymwEoCIAFEOAD8quKqQMcGADwAQH4AbYIgAKAD4oCDAgAEAEYfyBaKDEwDw==&rs=AOn4CLDZwON6LWQ_f8stwvrY79CUYCwG0w,,20230201,That Little Puff,UClFN9LShD_Pv0wnSeUKbUZw,41,100122285,4145647,,Pets & Animals,,https://www.youtube.com/api/timedtext?v=kQ1X2H1_otM&caps=asr&xoaf=5&hl=en&ip=0.0.0.0&ipbits=0&expire=1678261442&sparams=ip%2Cipbits%2Cexpire%2Cv%2Ccaps%2Cxoaf&signature=30A6BD6E24292CECCE2089AA290DE33E342565B1.46166DE7665B5F8A360C13354FF69ED158C0780A&key=yt8&kind=asr&lang=en&fmt=json3
hhrKlW9s6Zk,Cleaning off algae covered pond decorÔøº,https://i.ytimg.com/vi/hhrKlW9s6Zk/sd2.jpg?sqp=-oaymwEoCIAFEOAD8quKqQMcGADwAQH4Ab4EgAKACIoCDAgAEAEYZSBgKFgwDw==&rs=AOn4CLAirIyBIcVKhxmr_F7ODFAExYpWhg,,20221207,RuthAnn Freeman,UCx3eH25Qqe7g77UvmkdwSQA,60,3216790,189438,,People & Blogs,,https://www.youtube.com/api/timedtext?v=hhrKlW9s6Zk&caps=asr&xoaf=5&hl=en&ip=0.0.0.0&ipbits=0&expire=1678261443&sparams=ip%2Cipbits%2Cexpire%2Cv%2Ccaps%2Cxoaf&signature=5E61AA8F1758E001A956F614FB792892BC62599D.886643490B3FDE4D5C2EEDDBB8C9A86504C706B8&key=yt8&kind=asr&lang=en&fmt=json3
dEw0ICxoeRI,Worlds Most REALISTIC Magic Wand!!!ü™Ñ,https://i.ytimg.com/vi/dEw0ICxoeRI/sd2.jpg?sqp=-oaymwEoCIAFEOAD8quKqQMcGADwAQH4Ac4FgAKACooCDAgAEAEYciA3KEswDw==&rs=AOn4CLDwmg1n5HDxqQFkFZIQ0i8Y3XWqFg,,20221209,Kyle Krueger,UC7rsYYvQbqQrJDGhqWmtAgQ,58,1451344,,,Entertainment,,https://www.youtube.com/api/timedtext?v=dEw0ICxoeRI&caps=asr&xoaf=5&hl=en&ip=0.0.0.0&ipbits=0&expire=1678261445&sparams=ip%2Cipbits%2Cexpire%2Cv%2Ccaps%2Cxoaf&signature=0D1A44C806C2590262A6D1FF9CAFE44ACC730AD6.AAD035AC3BE43666B000E98363F975E9B885D84F&key=yt8&kind=asr&lang=en&fmt=json3
Irl_lxtZPK4,Just don‚Äôt call it a chai tea latte.,https://i.ytimg.com/vi/Irl_lxtZPK4/sd2.jpg?sqp=-oaymwEoCIAFEOAD8quKqQMcGADwAQH4Ac4FgAKACooCDAgAEAEYSiBVKGUwDw==&rs=AOn4CLDCrNvEAf2OPrD7m3v5OZl7OfPWjw,,20230226,Kumaar Family,UCaNUOonSjCeuQoKLDsz3LNQ,49,8691317,430537,,People & Blogs,,
qzxIlxgJAhE,Is This A Better Version Of Black Widows Death?,https://i.ytimg.com/vi/qzxIlxgJAhE/sd2.jpg?sqp=-oaymwEoCIAFEOAD8quKqQMcGADwAQH4Ac4FgAKACooCDAgAEAEYViBhKGUwDw==&rs=AOn4CLAeEKxCqn4hFKJifIUSl0zPGsdThQ,#shorts #avengers #blackwidow #endgame #avengersendgame #hawkeye #natasharomanoff #marveledit #marvelshorts #marvelshort #mcu #mcushorts #mcuedit #jdawg,20230206,JDAWG,UCSoCGb4YA087uqngv-912TA,59,1128114,79474,,Entertainment,,
NCSukeQyPDY,The lil girl just stopped üò≠,https://i.ytimg.com/vi/NCSukeQyPDY/sd2.jpg?sqp=-oaymwEoCIAFEOAD8quKqQMcGADwAQH4Ac4FgAKACooCDAgAEAEYZSBZKFIwDw==&rs=AOn4CLA3p76Te3Q40zWeMwAT8DpPlVIb1w,,20230220,Lil Mark,UC3559oEQ9fSnpkPuCG1LC6w,21,1264603,81476,,Entertainment,,https://www.youtube.com/api/timedtext?v=NCSukeQyPDY&caps=asr&xoaf=5&hl=en&ip=0.0.0.0&ipbits=0&expire=1678261448&sparams=ip%2Cipbits%2Cexpire%2Cv%2Ccaps%2Cxoaf&signature=2FA71A08EFA1027FA96AC925B77165E775F4E26C.31CEF677CB2ECB6F3EAFF78D14040427D74ED03E&key=yt8&kind=asr&lang=en&fmt=json3
2AQC6Ui1I-c,Texting my wife ‚ÄúYou forgot to say I love you‚Äù üòÇ @RegalNoise #shorts #viral #funny #comedy,https://i.ytimg.com/vi/2AQC6Ui1I-c/sd2.jpg?sqp=-oaymwEoCIAFEOAD8quKqQMcGADwAQH4Ac4FgAKACooCDAgAEAEYUCBeKGUwDw==&rs=AOn4CLDv8ve9Ufgzo2ZS7VkjU1kq-6MgDQ,,20220922,Hannah & Regal,UCI3-NzrXWEAYrbPX4Uxk8qA,28,37535393,1597010,,Comedy,,https://www.youtube.com/api/timedtext?v=2AQC6Ui1I-c&caps=asr&xoaf=5&hl=en&ip=0.0.0.0&ipbits=0&expire=1678261449&sparams=ip%2Cipbits%2Cexpire%2Cv%2Ccaps%2Cxoaf&signature=5855E1168A3A7940700C3524D8D9797CA6E406B6.CFD901E730B5CD04766CA8BF2D28F259CE22EB91&key=yt8&kind=asr&lang=en&fmt=json3
e2wfpKj1m8w,Trying every McFlurry flavor in Ashdod! #foodie #shorts #mcdonalds #fastfood #eating #icecream,https://i.ytimg.com/vi/e2wfpKj1m8w/sd2.jpg?sqp=-oaymwEoCIAFEOAD8quKqQMcGADwAQH4Ac4FgAKACooCDAgAEAEYciBHKDcwDw==&rs=AOn4CLAXwcL7uXqyRbBwNlKPebfhCtoLOw,,20230209,KarissaEats,UCamdvUq4-BoneYsHZt0Agrw,60,1053683,85722,,People & Blogs,,https://www.youtube.com/api/timedtext?v=e2wfpKj1m8w&caps=asr&xoaf=5&hl=en&ip=0.0.0.0&ipbits=0&expire=1678261450&sparams=ip%2Cipbits%2Cexpire%2Cv%2Ccaps%2Cxoaf&signature=745A2E853F5043E40DEF36EC3FE07EF72FE6E108.604C4108E6F0F5BC2099942DBA61BBE229AE6CD7&key=yt8&kind=asr&lang=en&fmt=json3
g9Oi5dQ6Fik,KidzBops worst songs - Part 1 #singer #coversong #comedy #parody,https://i.ytimg.com/vi/g9Oi5dQ6Fik/sd2.jpg?sqp=-oaymwEoCIAFEOAD8quKqQMcGADwAQH4AZQDgALQBYoCDAgAEAEYQyBDKGUwDw==&rs=AOn4CLDzybdkALXI2pKFslcqZBGE6_0GeA,,20220531,Daniel's Wall,UCRWu77ldqaQboq3JXLd5waQ,59,6747155,561503,,Education,,https://www.youtube.com/api/timedtext?v=g9Oi5dQ6Fik&caps=asr&xoaf=5&hl=en&ip=0.0.0.0&ipbits=0&expire=1678261451&sparams=ip%2Cipbits%2Cexpire%2Cv%2Ccaps%2Cxoaf&signature=4D039B2992A5CD3550FC9739521903B96D973854.3EB2CF3C35D4C9A55C732C062304957065338CE9&key=yt8&kind=asr&lang=en&fmt=json3
1_CEl3e1rNM,wearing colors they said wouldn‚Äôt look good on me ü´£‚ùå #diynails #nails #longnails,https://i.ytimg.com/vi/1_CEl3e1rNM/sd2.jpg?sqp=-oaymwEoCIAFEOAD8quKqQMcGADwAQH4Ac4FgAKACooCDAgAEAEYZSBPKEcwDw==&rs=AOn4CLBSyuD6RgeC2CfN8wh_UAXymNaPow,"What do you think....were they right? I wasn't sure if this orange-red color would look good on me, but I think doing some simple squiggly wavy nail art really made it pop off. 

üéüÔ∏è The polish - That's The Ticket by @KathleenLights :https://lightslacquer.com/products/thats-the-ticket

üçë The nude base color: @cirquecolors  Chiffon https://www.cirquecolors.com/chiffon/?gclid=EAIaIQobChMI0MyiiOGz_AIVwdrICh3XyAPZEAQYASABEgI5vfD_BwE

üíß The Drip Ring (code thegraytergood to save 15%) https://mariejune.com?sca_ref=3229562.GFECavdyjm

üíø Obviously used a @HoloTaco Glossy Taco: https://www.holotaco.com/products/glossy-taco

üñåÔ∏è The striping brush I used for the nail art: https://www.amazon.com/dp/B075SJ8XHF?linkCode=ssc&tag=onamzeliza0db-20&creativeASIN=B075SJ8XHF&asc_item-id=amzn1.ideas.1OPPFF7Z4SA9I&ref_=aip_sf_list_spv_ofs_mixed_d_asin

 üõí Amazon nail favs: https://www.amazon.com/shop/thegraytergood (affiliate)

üéÅ LTK: https://www.shopltk.com/explore/%40thegraytergood

üíÖüèª One of my favorite gel brands, @LeMiniMacaron use code GOOD15 (non affiliate): https://www.leminimacaron.com",20230116,thegraytergood,UCgqx7RBTxVMyuRmmVtXdGBA,33,9670026,,,Entertainment,,
0KUd3QBnNko,Everything I ate at McDonald‚Äôs in Haifa! #foodie #shorts #mcdonalds #fastfood #burger #friedchicken,https://i.ytimg.com/vi/0KUd3QBnNko/sd2.jpg?sqp=-oaymwEoCIAFEOAD8quKqQMcGADwAQH4Ac4FgAKACooCDAgAEAEYciBFKEQwDw==&rs=AOn4CLC4RumAHTmESznSkshtY_UaOjF7uw,,20230131,KarissaEats,UCamdvUq4-BoneYsHZt0Agrw,59,1683646,132472,,People & Blogs,,https://www.youtube.com/api/timedtext?v=0KUd3QBnNko&caps=asr&xoaf=5&hl=en&ip=0.0.0.0&ipbits=0&expire=1678261453&sparams=ip%2Cipbits%2Cexpire%2Cv%2Ccaps%2Cxoaf&signature=50D9E6503E7DF6AF9822332C8A4151C73777A797.4BE7CEC924C22D5E3BA32499CFED0BDF2C0AA9C1&key=yt8&kind=asr&lang=en&fmt=json3
w2BM9UhUUw8,GUESS the RANDOM Colors‚Ä¶(HARD) üò≥üåà‚ú® #artchallenge #drawing #shorts #guessthecolor,https://i.ytimg.com/vi/w2BM9UhUUw8/sd2.jpg?sqp=-oaymwEoCIAFEOAD8quKqQMcGADwAQH4Ac4FgAKACooCDAgAEAEYciBNKDMwDw==&rs=AOn4CLBdObsrWHPV8rJl4RKfwmqNDXCJMQ,,20230227,Hassan Draws,UCvDsSbk4K_y5DytrqXzLjAA,38,3332002,249848,,People & Blogs,,
zboZ-0VFRx4,üîÆÏø†Î°úÎØ∏ ÌÖåÏù¥ÌîÑÌíçÏÑ† ÎßåÎìúÎäî Î∞©Î≤ï!üñ§#shorts,https://i.ytimg.com/vi/zboZ-0VFRx4/sd2.jpg?sqp=-oaymwEoCIAFEOAD8quKqQMcGADwAQH4Ac4FgAKACooCDAgAEAEYZSBOKEkwDw==&rs=AOn4CLDjyt1LdWU1ELZdglat7P-ZW8SdNw,"üîÆÏã§Î¶¨ÏΩòÌÖåÏù¥ÌîÑÌíçÏÑ† ÎßåÎì§Í∏∞
-ÌÖåÏù¥ÌîÑ ÌíçÏÑ† ÎßåÎìúÎäî Î∞©Î≤ï
-ÌÖåÏù¥ÌîÑÍ≥µ ÎßåÎìúÎäî Î∞©Î≤ï
-ÌÖåÏù¥ÌîÑ DIY",20230222,Î∞çÌà¨Îç∞Ïù¥ MingToday,UCnGWCce4c3yXBm-YNrYNa_Q,44,1481093,101436,,Entertainment,,
PEUIHWutbxU,SHE DID THAT üî•üî•üî•üî• #maxwelljennings #weddingday,https://i.ytimg.com/vi/PEUIHWutbxU/sd2.jpg?sqp=-oaymwEoCIAFEOAD8quKqQMcGADwAQH4Ac4FgAKACooCDAgAEAEYZSBdKEowDw==&rs=AOn4CLADkS5WZ7rI92yHVTMQQKaUy0iqFg,,20230203,Maxwell Jennings,UC1e6LowBqBIUvM7XbR2-ltg,60,1192650,61152,,Entertainment,,
eL0RT-gYKD8,Kicked Out of Disney Karaoke! #shorts,https://i.ytimg.com/vi/eL0RT-gYKD8/sd2.jpg?sqp=-oaymwEoCIAFEOAD8quKqQMcGADwAQH4AbYIgAKAD4oCDAgAEAEYZSBgKEwwDw==&rs=AOn4CLC9VXI7OirOOywT7IqYQf8lUfJi2Q,That one time I sang a naughty song at Disney karaoke and got kicked off the stage!  #disney #karaoke #storytime #letmeexplainstudios #rebeccaparham #animated #animatedstories #disneycruise #cartoon,20230204,Let Me Explain Studios,UCu6v4AdYxVH5fhfq9mi5llA,59,1535182,184535,,Film & Animation,,https://www.youtube.com/api/timedtext?v=eL0RT-gYKD8&caps=asr&xoaf=5&hl=en&ip=0.0.0.0&ipbits=0&expire=1678261458&sparams=ip%2Cipbits%2Cexpire%2Cv%2Ccaps%2Cxoaf&signature=08E186FB41320BA1CFE51EDB23C1CD2E028AB66D.E0B13096FD9FB083397B9670C61873009EBB82B8&key=yt8&kind=asr&lang=en&fmt=json3
slxOSuWq2Ms,respect || üò≥üíØüò≥üíØüò≥ | see pinned comment,https://i.ytimg.com/vi/slxOSuWq2Ms/sd2.jpg?sqp=-oaymwEoCIAFEOAD8quKqQMcGADwAQH4Ac4FgAKACooCDAgAEAEYUCBiKGUwDw==&rs=AOn4CLCN282LWXs3SDvZXX88uVX6gg2wUA,"respect 
respect shorts 
respect videos
respect status
respect 99+
respect girls 
respect short video
respect moment in football
respect your teacher
respect teacher status
tiktok
tiktok mashup 2022
tiktok songs 
tiktok dances 2022
tiktok compilations
tiktok compilations 2022
tiktok respect songs 
tiktok respect video 
tiktok respect girls 
tiktok respect compilation
tiktok respect girl video 
tiktok respect funny video 
tiktok respect anime 
tiktok respect football
top 10 respect songs 
top 10 respect background music
top 10 respect background songs 
top 10 respect attitude songs 
top 10 respect moments
attitude status
attitude songs 
attitude shayari 
attitude songs status
attitude boy status
respect attitude status
respect attitude songs 
stunt short video
stunt shorts 
stunt short
short video 
shorts song
short funny
short dance 
YouTube shorts 
YouTube shorts monetization
YouTube shorts event 
YouTube short video
yt shorts 
yt shorts 1m
yt shorts viral trick
yt shorts monetization
shorts video 
shorts viral trick 
#fyp #respect #shorts",20221224,Respect show,UCQcWFxSgkxgqVh8zwG7pmhw,57,56996896,3415463,,Entertainment,,
KQEvXhUmFU0,Cristiano Ronaldo Reacts,https://i.ytimg.com/vi/KQEvXhUmFU0/sd2.jpg?sqp=-oaymwEoCIAFEOAD8quKqQMcGADwAQH4Ac4FgAKACooCDAgAEAEYUSBWKGUwDw==&rs=AOn4CLBTv2ObT8ZEK22jXa9jx8cFcMSSPQ,,20230110,Cristiano,UCd84KUlhKQYXrMHsOPfyxcw,36,66016521,1766374,,People & Blogs,,https://www.youtube.com/api/timedtext?v=KQEvXhUmFU0&caps=asr&xoaf=5&hl=en&ip=0.0.0.0&ipbits=0&expire=1678261460&sparams=ip%2Cipbits%2Cexpire%2Cv%2Ccaps%2Cxoaf&signature=6DBE18064E1AB1B00D5A7FEAADF5177338C814C9.158D6C789658D0DD7369B9F3BF8214E404223404&key=yt8&kind=asr&lang=es&tlang=en&fmt=json3
joJSrPcCafM,I want to be skinny and wear what I want weight loss before and after transformation #weightloss,https://i.ytimg.com/vi/joJSrPcCafM/maxresdefault.jpg,"smoothie diet https://bit.ly/40PusQY
leggings https://amzn.to/3DSjAIo",20230212,Obizi's Weight Motivation,UCvDxGsAmlDYyTlxhDhVZ-3g,44,6210082,500534,,Howto & Style,,
_bjl9RsHCJ4,Too many thoughts..ü§Øü§£ sound via @Ryanhdlombard,https://i.ytimg.com/vi/_bjl9RsHCJ4/sd2.jpg?sqp=-oaymwEoCIAFEOAD8quKqQMcGADwAQH4Ac4FgAKACooCDAgAEAEYUiBbKGUwDw==&rs=AOn4CLAJFkzpFZujMBA_vSTh7CZBGRDm8w,"Gaming 217

üéôÔ∏èTT / ryanhdlombard
https://tiktok.com/@ryanhdlombard
üìπ Gaming.217 

‚á® TIKTOK: 
https://tiktok.com/@gaming.217",20230209,Gaming.217,UCwKdGzc1GKU5OFJGaSY_ckg,40,12545904,660388,,Gaming,,https://www.youtube.com/api/timedtext?v=_bjl9RsHCJ4&caps=asr&xoaf=5&hl=en&ip=0.0.0.0&ipbits=0&expire=1678261463&sparams=ip%2Cipbits%2Cexpire%2Cv%2Ccaps%2Cxoaf&signature=3427B968F1694A66918FA34A36732DF09821C4B6.91C9DF4C2B9E3C6A653AF018D1F78C3515EC3C25&key=yt8&kind=asr&lang=en&fmt=json3
a_2z1_w2Z4I,Strawberry pink chocolate bread „Éí„Çö„É≥„ÇØ„ÉÅ„Éß„Ç≥„Å™„ÇÅ„Çâ„Åã„ÇØ„É™„Éº„É†„Éè„Çö„É≥ #shorts #asmr #cooking,https://i.ytimg.com/vi/a_2z1_w2Z4I/sd2.jpg?sqp=-oaymwEoCIAFEOAD8quKqQMcGADwAQH4AbYIgAKAD4oCDAgAEAEYZSBNKFkwDw==&rs=AOn4CLD89NtAvW2zk4uJQnm1cSMbhI2MEw,"Cacao ! ‚à¥‚àµ„Çû(¬¥œâ`*) ‚ô™ 
This time I made ""Nameraka cream"" with Pink Chocolate.
It was delicious with a rich strawberry flavor.
May the cacao be with you !

[Ingredients]
2 g : Plate gelatin
160g : Fresh cream (36%)
45 g : Pink chocolate
15 g : Granulated sugar
50 g : Strawberry jam
spearmint
Chocolate sauce
Strawberry Freeze Dried

[Items] (Amazon Associate link)
Pink Chocolate LOTTE
https://amzn.to/3iKfkmJ

Subscribe me !
https://bit.ly/3dgyzSs

[Book / Chocolate cacao Recipe]
https://amzn.to/2t4l6Wo

[SNS]
Twitter : https://twitter.com/chocolateSeijin 
instagram : https://www.instagram.com/chocolate_cacao_seijin/ 

#chocolate #eating #asmreating #recipe #bread #mukbang #strawberry",20230119,Chocolate Cacao „ÉÅ„Éß„Ç≥„É¨„Éº„Éà„Ç´„Ç´„Ç™,UCqzebzc9N19X3MVFnuFYtRw,60,8354205,589985,,Howto & Style,,https://www.youtube.com/api/timedtext?v=a_2z1_w2Z4I&caps=asr&xoaf=5&hl=en&ip=0.0.0.0&ipbits=0&expire=1678261464&sparams=ip%2Cipbits%2Cexpire%2Cv%2Ccaps%2Cxoaf&signature=E9573A3EC8BCF5A5163644877E45E47194254A8C.90985216D0316BD6E639D2D360CBA07FB590553D&key=yt8&kind=asr&lang=en&fmt=json3
kDohRDaXhH0,respect,https://i.ytimg.com/vi/kDohRDaXhH0/sd2.jpg?sqp=-oaymwEoCIAFEOAD8quKqQMcGADwAQH4Ac4FgALAB4oCDAgAEAEYSyBaKGUwDw==&rs=AOn4CLC_QyuwiY0YPXDIlacboJVkHh4v7g,,20220809,Jackson react,UCwkP6gUaS9O9-naapJhtuNg,29,52625517,3531646,,Entertainment,,
BItYxYAzlz0,These Takis snacks exist?!,https://i.ytimg.com/vi/BItYxYAzlz0/sd2.jpg?sqp=-oaymwEoCIAFEOAD8quKqQMcGADwAQH4Ac4FgAKACooCDAgAEAEYZSBUKFAwDw==&rs=AOn4CLDwxK-XrcA_lnKdh-f2nNZVJBM8JQ,,20221211,Ashley Yi,UCwcYWt8Lckyjhq4oAlmWDdg,60,7284210,403711,,People & Blogs,,https://www.youtube.com/api/timedtext?v=BItYxYAzlz0&caps=asr&xoaf=5&hl=en&ip=0.0.0.0&ipbits=0&expire=1678261466&sparams=ip%2Cipbits%2Cexpire%2Cv%2Ccaps%2Cxoaf&signature=3510FBCA6F4EA7F1F6438FCE7EC0FDC1DE708558.9B47489084987711DAF2F5CD052AE694F66C8E8A&key=yt8&kind=asr&lang=en&fmt=json3
IV9nHOXI_gg,Day 8 of Doubling the Eggs #shorts,https://i.ytimg.com/vi/IV9nHOXI_gg/sd2.jpg?sqp=-oaymwEoCIAFEOAD8quKqQMcGADwAQH4Ac4FgAKACooCDAgAEAEYaCBoKGgwDw==&rs=AOn4CLCNdpSYRBpRBDIFOVaPSbIca4n7Mg,,20230216,PetersPasta,UCMsQdrzt1oyVC5KF6N98wFw,32,954331,42812,,Education,,https://www.youtube.com/api/timedtext?v=IV9nHOXI_gg&caps=asr&xoaf=5&hl=en&ip=0.0.0.0&ipbits=0&expire=1678261467&sparams=ip%2Cipbits%2Cexpire%2Cv%2Ccaps%2Cxoaf&signature=0668A0CCF78E7AED0E814A8D436666BEBEE20B63.E958054555657A0E38E3D5A9F518AB14678E5E3B&key=yt8&kind=asr&lang=en&fmt=json3
gY3saWQd9Gs,The WORST Kept Secret EVER! Super Mario is officially moving to FLORIDA- Super Nintendo World,https://i.ytimg.com/vi/gY3saWQd9Gs/sd2.jpg?sqp=-oaymwEoCIAFEOAD8quKqQMcGADwAQH4AbYIgAKAD4oCDAgAEAEYfyATKB4wDw==&rs=AOn4CLBs4geqMmNnpng1kl0uVtQ1fq5BdA,"Super Nintendo World at Universal Studios Hollywood opened to the public on February 17th, 2023! But at the grand opening ceremony, the CEO of Universal Parks & Resorts officially announced that Super Nintendo World would be coming to Universal Orlando Resort at Universal's newest theme park Epic Universe which is set to open by Summer 2025! He said this was the worst kept secret ever! The immersive theme park land will have 3 rides- the Mario Kart ride, the Yoshi ride from Japan, and a brand new Donkey Kong-themed mine cart coaster!  DON'T FORGET TO LIKE AND SUBSCRIBE!*** ‚ñ∫http://bit.ly/2mfriBD ‚óÑ

‚ñ∫LAST VIDEO: Top 10 Fastest Rides at Disneyland Paris https://youtu.be/TFMU7n8GhUk


‚ñ∫BUY TPM MERCH! https://teespring.com/stores/tpmvids

Social Media! 
‚ñ∫ Follow on Twitter! https://twitter.com/TPMvideos
‚ñ∫ Follow on Instagram! https://instagram.com/TPMvideos
‚ñ∫ Follow on Facebook! https://facebook.com/TPMvids
‚ñ∫Follow on Tik Tok! https://tiktok.com/thetpmvids


‚ñ∫DISNEY BEAT PLAYLIST: https://www.youtube.com/watch?v=lidznGlh7fw&list=PLZg0YgjlWEqQRuCbtjWun1x8HZRWaTHGY



*Have a video you want to share? Submit your clip(s) at www.tpmvids.com




TPMvids is not affiliated with NBC Universal or Nintendo in any way. Any opinions expressed are those of TPMvids and do not reflect any other companies or individuals. This video is put together in compliance with fair use under the classification of education and commentary to begin an open conversation. Any opinions expressed are those of  TPMvids and do not reflect any other companies or individuals.",20230217,TPMvids,UCMddDi4iCT8Rz8L0JL-bH7Q,51,292801,17540,,Travel & Events,,https://www.youtube.com/api/timedtext?v=gY3saWQd9Gs&caps=asr&xoaf=5&hl=en&ip=0.0.0.0&ipbits=0&expire=1678261469&sparams=ip%2Cipbits%2Cexpire%2Cv%2Ccaps%2Cxoaf&signature=93B163622292A1EEF40F5CC313FDC973A187879D.A0216AD2B0148EA611632CF4957B8CF37120BAE9&key=yt8&kind=asr&lang=en&fmt=json3
hnLo5N3wo5Q,E dey rush! üî•üé¨ (Ayra Starr on set for the music video of ‚ÄúRush‚Äù),https://i.ytimg.com/vi/hnLo5N3wo5Q/sd2.jpg?sqp=-oaymwEoCIAFEOAD8quKqQMcGADwAQH4Ac4FgAKACooCDAgAEAEYYiBiKGIwDw==&rs=AOn4CLDDqMBX-3D39EngvR9J372VI2odQg,,20220924,Afrobeats Central,UCdE3k0QhQmDmAHZX70amtSA,60,1174648,66121,,Music,,
0pgFjG4j0d4,"Korean rice cakes, gimbap and ice cups at Korean convenience store #shorts",https://i.ytimg.com/vi/0pgFjG4j0d4/sd2.jpg?sqp=-oaymwEoCIAFEOAD8quKqQMcGADwAQH4Ac4FgAKACooCDAgAEAEYfyA-KBMwDw==&rs=AOn4CLBDTRx9EopcXQutMCXNYSV0F1XqDQ,"korean rice cakes, tteokbokki, tuna mayo gimbap and ice cups in korean convenience store emart24
#conveniencestore #ramennoodles #spicyfood #spicynoodles #foodasmr",20230101,Comfort Chomper,UCLqLGzKCh5NDXTBRZ_3k_hg,44,1034605,88451,,People & Blogs,,
PzLB0i_8pkg,IT‚ÄôS BLUEY! üíô,https://i.ytimg.com/vi/PzLB0i_8pkg/sd2.jpg?sqp=-oaymwEoCIAFEOAD8quKqQMcGADwAQH4Ac4FgAKACooCDAgAEAEYWyBbKFswDw==&rs=AOn4CLBtSQ2s7vD7LNM7ZgRVdpXAgnS8Qg,,20230118,Tigga Mac,UCXVN3gW2O7kKlA8UczBHbaA,60,2320336,139717,,People & Blogs,,https://www.youtube.com/api/timedtext?v=PzLB0i_8pkg&caps=asr&xoaf=5&hl=en&ip=0.0.0.0&ipbits=0&expire=1678261472&sparams=ip%2Cipbits%2Cexpire%2Cv%2Ccaps%2Cxoaf&signature=D2390FDF6CAA5A55937F714F5CEC47154A191976.01F9413C9995521F10533C98429AF0C02476D78A&key=yt8&kind=asr&lang=en&fmt=json3
el_ULYEsszo,Vet Uses Huge Cutters To Remove a Metal Piece Stuck In Dog's Teeth üëÄ | Bondi Vet #shorts,https://i.ytimg.com/vi/el_ULYEsszo/sd2.jpg?sqp=-oaymwEoCIAFEOAD8quKqQMcGADwAQH4AbYIgAKAD4oCDAgAEAEYPCBFKHIwDw==&rs=AOn4CLCeMlo53kZXJfB3qeIIWNoV4atfpQ,"Border Collie Apollo has been rushed to Gerardo with a jagged piece of metal stuck in his mouth. üò±
üê∂ Want to watch more? Subscribe to the Bondi Vet channel: https://www.youtube.com/c/BondiVet/featured?sub_confirmation=1

üêæ Click Here for Full Episodes - https://youtube.com/playlist?list=PL2FmLWmdveeLb_tD0p9XKhU-CgS_ERLFI

üòª Bondi Vet is your ultimate content destination for all things pet and vet. Including full episodes, stories, compilations and clips from the world's favourite vet series. Make your world a better place and subscribe today! 

üêç For pet product and vet services - https://www.bondivet.com/

Follow our social animals on

üêì Facebook - http://tinyurl.com/FacebookBondivet 
üêä Instagram - http://tinyurl.com/InstagramBV 
üê¨ Website - https://bondivet.com/ 

Share The Love:
#BondiVet #dogs #pets #dental",20230106,Bondi Vet,UCRnSnAq44St3dzNdgPpfChA,52,683463,38828,,Pets & Animals,,https://www.youtube.com/api/timedtext?v=el_ULYEsszo&caps=asr&xoaf=5&hl=en&ip=0.0.0.0&ipbits=0&expire=1678261473&sparams=ip%2Cipbits%2Cexpire%2Cv%2Ccaps%2Cxoaf&signature=42B98A2C13CEE5A5574326A919735B612909BD8F.15BFE57EC9766D061E4F39024EDDEF4B708DD083&key=yt8&kind=asr&lang=en&fmt=json3
9e7qjlWSNqo,Share the Love‚ù§Ô∏è‚Äçü©π,https://i.ytimg.com/vi/9e7qjlWSNqo/sd2.jpg?sqp=-oaymwEoCIAFEOAD8quKqQMcGADwAQH4Ac4FgAKACooCDAgAEAEYZSBeKFMwDw==&rs=AOn4CLDSZM5zYJM_8isctn79vPecmiMTiw,,20220808,Peter Ace,UCDelxWP65NsDDV8LUGoaCTg,33,154337489,,,Entertainment,,
W0EwBmjYi9Y,"Wednesday Addams Dance "" I'll dance, dance, dance with my hands, hands, hands "" Wednesday Challenge",https://i.ytimg.com/vi/W0EwBmjYi9Y/sd2.jpg?sqp=-oaymwEoCIAFEOAD8quKqQMcGADwAQH4AbYIgAKAD4oCDAgAEAEYQSBBKH8wDw==&rs=AOn4CLAA6h4n7Z05Op_-lDrvMukzEH-aFw,top products wednesday https://clck.ru/335sNp,20221213,TOP TikTop,UCZRnxbxvqPGX-E8mWu15cGg,59,26901148,1802076,,Comedy,,
EsILvUVnDJY,They both are so cute together ü§≠‚ù§ [ThymeGorya] / #f4thailand #boysoverflowers,https://i.ytimg.com/vi/EsILvUVnDJY/sd2.jpg?sqp=-oaymwEoCIAFEOAD8quKqQMcGADwAQH4AZQDgALQBYoCDAgAEAEYQSBeKGUwDw==&rs=AOn4CLAhuaUc7e0q8SZtBF2M-EyLQOWdvw,,20220523,F4 - Thailand,UCIV8WFXXM4NptMgB33IeoAw,52,5900705,537226,,People & Blogs,,
YrbMcqfbTTE,Garlic Butter French Fries,https://i.ytimg.com/vi/YrbMcqfbTTE/sd2.jpg?sqp=-oaymwEoCIAFEOAD8quKqQMcGADwAQH4Ac4FgAKACooCDAgAEAEYZSBgKE4wDw==&rs=AOn4CLA9kARetkS88Now6kaIkSo6KfEagQ,These fries are golden and crispy on the outside while fluffy on the inside and have been tossed through an incredibly indulgent garlic butter sauce and finished off with a sprinkling of parsley and pecorino romano. This is what dreams are made of. Find the full recipe on daenskitchen.com #shorts #frenchfries #chips,20221214,Daen's Kitchen,UCQFtOy_w3ySgm76zyBn3rlw,51,1255250,78091,,People & Blogs,,https://www.youtube.com/api/timedtext?v=YrbMcqfbTTE&caps=asr&xoaf=5&hl=en&ip=0.0.0.0&ipbits=0&expire=1678261478&sparams=ip%2Cipbits%2Cexpire%2Cv%2Ccaps%2Cxoaf&signature=CE11EDB79DF18B2E06861B8F4A6DEA0AB63896A4.4DE3A4B694238482F0C1DEDAD13012E31D8268AA&key=yt8&kind=asr&lang=en&fmt=json3
s-ZrjbRNx1I,Going into like the week like‚Ä¶üòéüï∫ü™©,https://i.ytimg.com/vi/s-ZrjbRNx1I/sd2.jpg?sqp=-oaymwEoCIAFEOAD8quKqQMcGADwAQH4Ac4FgAKACooCDAgAEAEYZSBcKEwwDw==&rs=AOn4CLDECFGWHDituIdlebF4_DlOhlEMMA,,20230220,Leah Handal,UCH0wXTVrZT1d2KikD6Njn4A,15,531404,30394,,People & Blogs,,
oDoeFPrhzYs,cleaning is the best therapy #shorts,https://i.ytimg.com/vi/oDoeFPrhzYs/sd2.jpg?sqp=-oaymwEoCIAFEOAD8quKqQMcGADwAQH4Ac4FgAKACooCDAgAEAEYSSBbKGUwDw==&rs=AOn4CLBm7zziAWIbRJjwPIa8t4LS62Kx5g,,20230111,kaeli mae,UCH7CLiz2r0Kwh4bLxgMae7w,44,8556327,521111,,People & Blogs,,https://www.youtube.com/api/timedtext?v=oDoeFPrhzYs&caps=asr&xoaf=5&hl=en&ip=0.0.0.0&ipbits=0&expire=1678261480&sparams=ip%2Cipbits%2Cexpire%2Cv%2Ccaps%2Cxoaf&signature=8EFE3DFAB86E3D6A3D7A002D1636A3CEFC95D01E.D4B7EBC5A4EFA57074D6FA7CDB9DB9406561C980&key=yt8&kind=asr&lang=en&fmt=json3
CrxTBWNA6Us,All My Best Chocolate Chip Cookie Tips,https://i.ytimg.com/vi/CrxTBWNA6Us/sd2.jpg?sqp=-oaymwEoCIAFEOAD8quKqQMcGADwAQH4AbYIgAKAD4oCDAgAEAEYZSBbKEIwDw==&rs=AOn4CLBkXNQ83Q1I-rQ0IsTY_BNMwpQJJg,,20230121,benjaminthebaker,UCGN9HEkvzwThiev64LFaLXg,56,1564313,133131,,People & Blogs,,https://www.youtube.com/api/timedtext?v=CrxTBWNA6Us&caps=asr&xoaf=5&hl=en&ip=0.0.0.0&ipbits=0&expire=1678261481&sparams=ip%2Cipbits%2Cexpire%2Cv%2Ccaps%2Cxoaf&signature=9C227C8C34CD631EA9CD3280ADFEB119D1C45C01.054C67399F0F750969A1F00DC67ABFFF8F534185&key=yt8&kind=asr&lang=en&fmt=json3
V0KH0hPF8cM,Ayra Starr - Rush (Dance Video) Dc: @LoicReyel,https://i.ytimg.com/vi/V0KH0hPF8cM/sd2.jpg?sqp=-oaymwEoCIAFEOAD8quKqQMcGADwAQH4AbYIgAKAD4oCDAgAEAEYXyBJKGUwDw==&rs=AOn4CLBG906IU2T8DqbSv2ayy83nF1pLzw,,20230305,Loic ReyelTv,UCkTlA-KrDRsdBvZAtz2D0og,55,32054,1989,,Entertainment,,https://www.youtube.com/api/timedtext?v=V0KH0hPF8cM&caps=asr&xoaf=5&hl=en&ip=0.0.0.0&ipbits=0&expire=1678261482&sparams=ip%2Cipbits%2Cexpire%2Cv%2Ccaps%2Cxoaf&signature=87EB5F4E915D5304D2902528980B4E41ABFA0103.3FA02012B984AFA07754D94499AED8685BAC3F62&key=yt8&kind=asr&lang=en&fmt=json3
DIVzOltTs4o,THE REVEAL: Make a Birthday Dress with Me AND do a PHOTOSHOOTüíï // Ep. 6 #shorts,https://i.ytimg.com/vi/DIVzOltTs4o/sd2.jpg?sqp=-oaymwEoCIAFEOAD8quKqQMcGADwAQH4Ac4FgAKACooCDAgAEAEYZSBIKEEwDw==&rs=AOn4CLDI8UnkzC8S8rz632Fbkkas7ZpIWQ,"#fashiondesigner #sewing #upcycling #photoshoot #birthday 
Music by A$H. - I Know Who - https://thmatc.co/?l=CD776223",20230226,Kiana Bonollo,UCWd-NqRtIdvD8WHVOlKOnAA,42,608415,70287,,Howto & Style,,https://www.youtube.com/api/timedtext?v=DIVzOltTs4o&caps=asr&xoaf=5&hl=en&ip=0.0.0.0&ipbits=0&expire=1678261484&sparams=ip%2Cipbits%2Cexpire%2Cv%2Ccaps%2Cxoaf&signature=8AFA48FF179CCF4E24DB2ADCB8EA7DB9E9009B85.0229BE7CA18DCA1B791B80178A18BA2011014DAE&key=yt8&kind=asr&lang=en&fmt=json3
bJyBiQFM0XE,Let‚Äôs make a 5 AM SMOOTHIE!!üíÖ #shorts #foryou #viral #fyp #smoothie,https://i.ytimg.com/vi/bJyBiQFM0XE/sd2.jpg?sqp=-oaymwEoCIAFEOAD8quKqQMcGADwAQH4Ac4FgAKACooCDAgAEAEYZSBYKEswDw==&rs=AOn4CLBCN4YQYfW53Fj49BDWc3q2a6h3Zg,,20230129,Lala Tv,UC34Rt4YFAwwOz-7oXJ07Z8w,57,5370179,380035,,Comedy,,https://www.youtube.com/api/timedtext?v=bJyBiQFM0XE&caps=asr&xoaf=5&hl=en&ip=0.0.0.0&ipbits=0&expire=1678261485&sparams=ip%2Cipbits%2Cexpire%2Cv%2Ccaps%2Cxoaf&signature=092984C4C1B0FB7933465AE145294986264044A2.3160C37E5B321A05C4A73E92715C5E94173B8CF8&key=yt8&kind=asr&lang=en&fmt=json3
ISyVvFu9K9U,Respect üòçüî•üíØüî•üòç,https://i.ytimg.com/vi/ISyVvFu9K9U/sd2.jpg?sqp=-oaymwEoCIAFEOAD8quKqQMcGADwAQH4AZQDgALQBYoCDAgAEAEYfyBHKBMwDw==&rs=AOn4CLAtLUsNhfzqdVaYTBvnRmuFAlw5GQ,"respect
shorts
short video
ytshorts
#shorts
respect shorts
video
free
#viralshorts
youtube shorts
respect short video
respect videos
respect tiktok song
respect videos like a boss
2pac
2pac remix
#respect
tiktok boss moments
youtube video download edit upload
youtube app
youtube adsense
youtube channel
cash cow
youtube income
youtube edit
how to make money online
earn money online
make money online
copy paste videos on youtube
tiktok respect moments
tiktok videos 2021
tiktok videos compilation
tiktok video respect boy
respect videos tik tok
affiliate marketing
tiktok challenge
tiktok mashup
tiktok
tiktok respect compilation
tiktok respect the drip karen
tiktok video 2021 new
tiktok video viral
tiktok video viral 2021
tiktok respect song
respect tiktok
respect tiktok video
respect tiktok music
respect tiktok version
#wowvideos
#tiktok
digital marketing
trendingproyt
2022 ringtone
tone new
tone
bad boy attitude ringtone
bad boy ringtone
ringtone attitude
attitude ringtone
alone ringtone
mp3 song ringtone
music ringtone
film ringtone
best ringtone for boys
ringtone for android
song ringtone
baby funny ringtone
funny ringtones
bgm
vip ringtone
trending pro yt
ringtone bgm
ringtone dp
ringtone
yt shorts
mr bean new episodes
mr bean new episodes 2021
–º–∏—Å—Ç–µ—Ä –±–∏–Ω
ŸÖÿ≥ÿ™ÿ± ÿ®ŸäŸÜ
misterbin
mr bean real
big mr bean
real mr bean
mr bean real life
mr bean full episodes
classic mr bean
mr bean official
mr bean funny
rowan atkinson
mr bin
mr.bean funny videos
comedy video
m.r bean
mrs bean
funny videos
bean mr bean
mr ben
ms bean
mrbean
mr bean comedy
mr been
mr bean mr bean
mr.bean
mr. bean
mr bean
bean
mister bin
mister bean
makaveli tupac
2pac makaveli
tupac makaveli
makaveli album
2pac albums
makaveli
makaveli motivation
2pac - power & respect | 2022
dj galil
galilhd remix
galil 2pac
galilhd
gangsta sh!t
nozzy e
thug theory
2pac alive
enter makaveli
dj mimo
tupac shakur
new 2pac
2pac 2022
tupac 2022
westcoast
mix
rap
hiphop
hq
hd
best
banger
how to start a blog
2pac shakur
tupac
online marketing
inshot music
new ringtone
best songs no copyright respect video
sigma rule ringtone
indian army respect
sigma rule respect
respect new video 2022
respect videos football
top 5 respect songs
best respect video
finance
top 10 respect background song
respect short song
respect video background music
roberto blake
respect channel
respect club
website traffic
respect viral
respect trending
respect status
free website traffic
respect video
respect clips
comedy movie short video
comedy movie
comedy short video
comedy short
comedy
funny funny
funny movie short video
funny movie short
funny movie
funny shorts video
funny
funny shorts
youtube seo
youtube shorts video
short
copy paste video on youtube and earn money
respect shorts video
teach good
awareness
girl jeans
young girl
girl at bus stop
lesson learnt
amazing videos
viral videos
motivation
kindness
great act
good people
humanity
girls
boys
bus stop
women awareness
women safety
social awareness
motivational video
respect women
upload
copy paste niche
video phone
camera phone
sharing
vidiq
#girlpower
#shortsvideo
#rajlaxmi
#youtubeshorts
#youtube
tubebuddy
#trendingshorts
#rajlaxmi_official
respect short
#women_haircut
#women_respect_tiktok
#women_respect_video
#women_issues
#girls_respect_video
#girls_respect_tik_tok_video
#girls_respect
#girls_respect_tiktok
#girls_respect_shayari
#girls_respect_status
#respect_girl
#please_respect_girls
#behen_ki_izzat
#respect_women
#respect_girls_short
#reaction
#reaction shorts
#reaction videos
#respect videos
‡§≤‡§µ ‡§∏‡•ç‡§ü‡•ã‡§∞‡•Ä
sad story
a story of heart touching
new trending video
‡§™‡•à‡§∏‡•ã‡§Ç ‡§∏‡•á he ‡§á‡§Ç‡§∏‡§æ‡§® ‡§ï‡•Ä ‡§ï‡•Ä‡§Æ‡§§ ‡§π‡•ã‡§§‡•Ä ‡§π‡•à‡§Ç
‡§π‡§Æ‡•á ‡§¶‡•Å‡§∏‡§∞‡•ã ‡§ï‡•á ‡§¨‡§æ‡§∞‡•á ‡§Æ‡•á‡§Ç ‡§≠‡•Ä sochna chahiye
dil ‡§¨‡§°‡§º‡§æ ‡§π‡•ã‡§®‡§æ ‡§á‡§Ç‡§∏‡§æ‡§®‡§ø‡§Ø‡§§ ‡§ï‡•á ‡§≤‡§ø‡§è ‡§ï‡§æ‡§´‡•Ä ‡§π‡•à
is ‡§¶‡•Å‡§®‡§ø‡§Ø‡§æ ‡§Æ‡•á‡§Ç ‡§¨‡§ø‡§®‡§æ ‡§Æ‡§§‡§≤‡§¨ ‡§ï‡•á ‡§∏‡§ø‡§∞‡•ç‡§´ ‡§≠‡§æ‡§à ‡§π‡•ã‡§§‡§æ ‡§π‡•à
‡§ß‡•ã‡§ñ‡•á‡§¨‡§æ‡§ú ‡§≤‡•ã‡§ó
‡§™‡§∞‡•á‡§∂‡§æ‡§®‡§ø‡§Ø‡•ã‡§Ç ‡§∏‡•á ‡§≤‡§°‡§º‡§®‡§æ ‡§∏‡§ø‡§ñ‡•ã
rohit ugrejiya
sunny ugrejiya
‡§≠‡§æ‡§∞‡§§ ‡§¶‡•á‡§∂ ‡§ï‡•á ‡§¨‡§ö‡•ç‡§ö‡•á
‡§Ö‡§ö‡•ç‡§õ‡•á ‡§ï‡•á ‡§∏‡§æ‡§• achha bure ke sath bura he hota hai
kaha gai ‡§á‡§Ç‡§∏‡§æ‡§®‡§ø‡§Ø‡§§
‡§¶‡•Å‡§∏‡§∞‡•ã ‡§ï‡•Ä ‡§¨‡§π‡§® ‡§ï‡•ã ‡§õ‡•á‡§°‡§º‡§®‡•á ‡§∏‡•á ‡§™‡§π‡§≤‡•á ‡§Ö‡§™‡§®‡•Ä ‡§¨‡§π‡§® ‡§ï‡•ã ‡§Ø‡§æ‡§¶ ‡§∞‡§ñ‡§®‡§æ
‡§¨‡§ö‡•ç‡§ö‡•á ‡§≠‡§ó‡§µ‡§æ‡§® ‡§ï‡§æ ‡§∞‡•Ç‡§™ ‡§π‡•ã‡§§‡•á ‡§π‡•à",20220507,Aladdin2hell,UC8S-lS_PKPgrD3b6gTA8X9Q,50,108191471,6934461,,People & Blogs,,https://www.youtube.com/api/timedtext?v=ISyVvFu9K9U&caps=asr&xoaf=5&hl=en&ip=0.0.0.0&ipbits=0&expire=1678261486&sparams=ip%2Cipbits%2Cexpire%2Cv%2Ccaps%2Cxoaf&signature=1600144119A3B1837BF2F2ABDF5DE04DEA1DB91B.462941A91EE1EE1391800BD552E9ADC300EF9581&key=yt8&kind=asr&lang=en&fmt=json3
v60t37N2twU,"Wer fandet ihr, hat die Pose am besten nachgestellt?ü§ìüëÄ #916house",https://i.ytimg.com/vi/v60t37N2twU/sd2.jpg?sqp=-oaymwEoCIAFEOAD8quKqQMcGADwAQH4AZQDgALQBYoCDAgAEAEYciBrKB4wDw==&rs=AOn4CLAoYl_he0XIYVnNj_l4XR95i-mMDg,"Abonniere den Kanal f√ºr mehr 9:16 Content!üòúüî•


‚¨áÔ∏è‚¨áÔ∏è‚¨áÔ∏è
üå∏  @nadinebreaty  https://www.youtube.com/c/nadinebreaty
üå¥  @Fabian Baggeler   https://www.youtube.com/c/FabianBaggeler & https://www.youtube.com/channel/UC3p1mLqSIKe7ccXPcq8lsew
üèÑ  @Itsmanjuu   https://www.youtube.com/channel/UCZ5NjbXeWcBkEtRj2jYn1Mw/
üíú  @Anna Gazanis https://www.youtube.com/c/AnnaGazanis
üï∂  @ItzJul https://www.youtube.com/c/ItzJulShorts
üêî @TheRealLauri https://youtube.com/channel/UCR1Ye__TBxZbLuFVSEfVamw",20220618,9:16 House,UCEVy83d1S2fLYHvf021qjXg,20,2469524,121884,,Entertainment,,
gqcUNCcvR_w,I got the power #blackpink#lisa#ros√©#jennie#jisoo#blink#power#blackpinkedits,https://i.ytimg.com/vi/gqcUNCcvR_w/sd2.jpg?sqp=-oaymwEoCIAFEOAD8quKqQMcGADwAQH4AZQDgALQBYoCDAgAEAEYciBYKD0wDw==&rs=AOn4CLA-TB82vlI2Je6NrbS2_Z8ODpWj4Q,,20220720,Ros√©_Avocacheang,UClhaldpAxKB2vTgMI6e9GDQ,33,1352601,174853,,Music,,https://www.youtube.com/api/timedtext?v=gqcUNCcvR_w&caps=asr&xoaf=5&hl=en&ip=0.0.0.0&ipbits=0&expire=1678261488&sparams=ip%2Cipbits%2Cexpire%2Cv%2Ccaps%2Cxoaf&signature=91D3C39CCD0349127ECC5B1986AB6E66104062E8.9A7EAD866E384F9842608809C1F19B2173C95662&key=yt8&kind=asr&lang=en&fmt=json3
mPMDHUmhvig,He's a Runner he's a TRACKSTAR #shorts,https://i.ytimg.com/vi/mPMDHUmhvig/sd2.jpg?sqp=-oaymwEoCIAFEOAD8quKqQMcGADwAQH4Ac4FgAKACooCDAgAEAEYZSBLKEYwDw==&rs=AOn4CLA4RZaiAAl2WF-EXKlfA6j02E0fPw,,20221207,TheMacFamily,UChUZYCkg0wKnfQz9-xNvtaQ,47,15299327,1239893,,Entertainment,,
81A21tifgvA,K-pop idols reaction to fans screams PT.1,https://i.ytimg.com/vi/81A21tifgvA/sd2.jpg?sqp=-oaymwEoCIAFEOAD8quKqQMcGADwAQH4AZQDgALQBYoCDAgAEAEYTyBSKGUwDw==&rs=AOn4CLDzJzkCR3E1HAkNLDmLhH2AIO6H8g,#kpop #shorts #mfaldream #youtubeshorts #edit,20220610,mfaldream,UCwclZU8ZPeK5S6FeesyOnpQ,58,7477162,1093859,,Entertainment,,https://www.youtube.com/api/timedtext?v=81A21tifgvA&caps=asr&xoaf=1&xoadf=4&hl=en&ip=0.0.0.0&ipbits=0&expire=1678261490&sparams=ip%2Cipbits%2Cexpire%2Cv%2Ccaps%2Cxoaf%2Cxoadf&signature=8A9A9009958978E36EB1EB2F07984FDBDEFC6AF4.5BECDF50231745C9B78E9D4DA412FDA89EABE636&key=yt8&kind=asr&lang=ko&tlang=en&fmt=json3
vXY9w23cssE,Wonder Woman Beheaded Cyborg: The Scariest #shorts #wonderwoman #superman #cyborg,https://i.ytimg.com/vi/vXY9w23cssE/sd2.jpg?sqp=-oaymwEoCIAFEOAD8quKqQMcGADwAQH4AbYIgAKAD4oCDAgAEAEYZSBbKFIwDw==&rs=AOn4CLDpXZ616oPKhLJbT-tXtF5rlG5hqQ,#dccomics #dc,20230129,Gorjo Comics,UCXfFublezkdsIyAiYrjguNg,60,1036786,80130,,Entertainment,,https://www.youtube.com/api/timedtext?v=vXY9w23cssE&caps=asr&xoaf=5&hl=en&ip=0.0.0.0&ipbits=0&expire=1678261491&sparams=ip%2Cipbits%2Cexpire%2Cv%2Ccaps%2Cxoaf&signature=E7DAA4341ED183D2013C3AA95EA76C4D3D18A1A0.5C44C194E40CD8B305CF3EDE51520947BDB6280F&key=yt8&kind=asr&lang=en&fmt=json3
L5UWK76t2Lc,Tik tok gacha#short #viral #gachalife,https://i.ytimg.com/vi/L5UWK76t2Lc/sd2.jpg?sqp=-oaymwEoCIAFEOAD8quKqQMcGADwAQH4AZQDgALQBYoCDAgAEAEYZSBOKEAwDw==&rs=AOn4CLAQIn-rMlG5b7Ntx3uri40fNrFEjg,,20220312,alisya offline,UCWg65w2QWNg7wMDHwhWVKQQ,59,397939,55902,,People & Blogs,,
OoYOs6NhxPk,Longest flappy bird pull-ups,https://i.ytimg.com/vi/OoYOs6NhxPk/sd2.jpg?sqp=-oaymwEoCIAFEOAD8quKqQMcGADwAQH4Ac4FgAKACooCDAgAEAEYMyBlKCAwDw==&rs=AOn4CLCLKwX4luNioSJIBIVTRbZZTDZgmw,,20230206,Carson Teagarden,UCeXfG1_pkNrqGWHFCfvpvow,58,4240371,,,Entertainment,,https://www.youtube.com/api/timedtext?v=OoYOs6NhxPk&caps=asr&xoaf=5&hl=en&ip=0.0.0.0&ipbits=0&expire=1678261494&sparams=ip%2Cipbits%2Cexpire%2Cv%2Ccaps%2Cxoaf&signature=61EC60E7F6591CA19D4BB0DFD6348DD313FCC4EF.16A70A2AA9F06D4FCC26CAD6EC380DB1615AE080&key=yt8&kind=asr&lang=en&fmt=json3
m7NGw29Jt9Q,Eating only purple food for 24H üíú,https://i.ytimg.com/vi/m7NGw29Jt9Q/sd2.jpg?sqp=-oaymwEoCIAFEOAD8quKqQMcGADwAQH4Ac4FgAKACooCDAgAEAEYZSBXKFIwDw==&rs=AOn4CLC7ZnPIAAzcPO4BGrrSFqTVET6XdA,,20230208,Baochi Travel,UCZDCkQWcA3fh8rvrPXUb16g,31,782692,66111,,Travel & Events,,https://www.youtube.com/api/timedtext?v=m7NGw29Jt9Q&caps=asr&xoaf=5&hl=en&ip=0.0.0.0&ipbits=0&expire=1678261495&sparams=ip%2Cipbits%2Cexpire%2Cv%2Ccaps%2Cxoaf&signature=4CAED5BF08DC27440DBF3D175092324729B2E388.DD527239ED679887E95BAE1A0B5410140B7BE0A4&key=yt8&kind=asr&lang=en&fmt=json3
hAhuQ3GqDzY,We made a cool car out of plastic waste! üöò #woodmood #shorts #recycling,https://i.ytimg.com/vi/hAhuQ3GqDzY/sd2.jpg?sqp=-oaymwEoCIAFEOAD8quKqQMcGADwAQH4AbYIgAKAD4oCDAgAEAEYZSBOKD8wDw==&rs=AOn4CLC6GecB_-QHvICjhLHNyOqjC5dUyA,"Amazing thing!

This activity is performed by actors in a controlled environment. Please use caution if you plan to replicate.
Music by Epidemic Sound: https://www.epidemicsound.com/

#craft #woodmood",20230211,Wood Mood,UCO5gl04EhuLl4d6HZMQdg0A,59,6990089,206847,,Howto & Style,,https://www.youtube.com/api/timedtext?v=hAhuQ3GqDzY&caps=asr&xoaf=5&hl=en&ip=0.0.0.0&ipbits=0&expire=1678261496&sparams=ip%2Cipbits%2Cexpire%2Cv%2Ccaps%2Cxoaf&signature=EF74DE9C3A87193C86D32220DEF326DD10D0AB90.96017C6ECC32D1CF1F289F075FB83548444458E8&key=yt8&kind=asr&lang=en&fmt=json3
dzgDMzMrX90,Only eating at bakeries for a full day in Turkey! #foodie #shorts #eating #turkey #bakery #baklava,https://i.ytimg.com/vi/dzgDMzMrX90/sd2.jpg?sqp=-oaymwEoCIAFEOAD8quKqQMcGADwAQH4Ac4FgAKACooCDAgAEAEYciBOKEAwDw==&rs=AOn4CLCv4uwQco1xgoPm5Vu8kOgnnnm2zA,,20230205,KarissaEats,UCamdvUq4-BoneYsHZt0Agrw,59,739526,76969,,People & Blogs,,https://www.youtube.com/api/timedtext?v=dzgDMzMrX90&caps=asr&xoaf=5&hl=en&ip=0.0.0.0&ipbits=0&expire=1678261497&sparams=ip%2Cipbits%2Cexpire%2Cv%2Ccaps%2Cxoaf&signature=3AAF6F3F34D07A72C542319FA9A0C97A48D725E4.3E6BEBF100620817A8EE5D4597A32217966C008F&key=yt8&kind=asr&lang=en&fmt=json3
P3kby7nknEc,Index card challenge to let fate decide what we do this Valentine‚Äôs Day #indexcardchallenge #couples,https://i.ytimg.com/vi/P3kby7nknEc/sd2.jpg?sqp=-oaymwEoCIAFEOAD8quKqQMcGADwAQH4Ac4FgAKACooCDAgAEAEYTiBaKGUwDw==&rs=AOn4CLAlxI-ECnEO3EOSb2M90yKvuFtJnw,,20230219,Michael & Nikita Jay,UCETVZU_HqIoTIW1_BVdLAEA,60,3600217,125206,,People & Blogs,,
UsKKEq1q_vM,Cassowary | The World's Most Dangerous Bird #shorts,https://i.ytimg.com/vi/UsKKEq1q_vM/sd2.jpg?sqp=-oaymwEoCIAFEOAD8quKqQMcGADwAQH4AbYIgAKAD4oCDAgAEAEYZSBlKGUwDw==&rs=AOn4CLBUOJk70TN4jOnoQPzi2Y6kNvXHZg,"This video explores the unique characteristics and behavior of the Cassowary, a large flightless bird native to the tropical rainforests of northern Australia, Indonesia, and Papua New Guinea. 

#shorts #cassowary #animals #wildlife #animalfacts #animalphotography 
#animalshorts #bird #birds #animal",20230125,Nature World Express,UCdVeDz-yi8KfrjKmlTZ26Qw,59,1523164,74257,,Pets & Animals,,https://www.youtube.com/api/timedtext?v=UsKKEq1q_vM&caps=asr&xoaf=5&hl=en&ip=0.0.0.0&ipbits=0&expire=1678261500&sparams=ip%2Cipbits%2Cexpire%2Cv%2Ccaps%2Cxoaf&signature=C1A8C803CEA06EDCD32A8616B13BDF19DBB2D6B6.59311DEE3F9647CB03E92CE20730DAFE55F09AA1&key=yt8&kind=asr&lang=en&fmt=json3
